id,link
0,https://www.indeed.com/rc/clk?jk=083cf3ac35e2f5d7&fccid=a84e2d6d6acdfd79&vjs=3
1,https://www.indeed.com/rc/clk?jk=86e05fd86dbcb613&fccid=5de7d778e5a3932f&vjs=3
2,https://www.indeed.com/rc/clk?jk=19347166107b29a5&fccid=30cc7a5451d4ee77&vjs=3
3,https://www.indeed.com/rc/clk?jk=85363ff06b0f3255&fccid=ed739bcb6bd77f17&vjs=3
4,https://www.indeed.com/rc/clk?jk=9f63c338715d80cc&fccid=938c68fc89db4b9d&vjs=3
5,https://www.indeed.com/rc/clk?jk=84a541c104b5b24c&fccid=72608fee1e921f8c&vjs=3
6,https://www.indeed.com/rc/clk?jk=87bcc77830d203a9&fccid=2a5783405eb3b48a&vjs=3
7,https://www.indeed.com/rc/clk?jk=6bc31324766c04c9&fccid=f08351abc513c21b&vjs=3
8,https://www.indeed.com/rc/clk?jk=ac53e0ea4ca36b12&fccid=87b328666e50453b&vjs=3
9,https://www.indeed.com/rc/clk?jk=51fdc3a1ce75fe36&fccid=200a825acadb9338&vjs=3
10,https://www.indeed.com/rc/clk?jk=360b8f9db8a477bd&fccid=fc5050a2f66dd83b&vjs=3
11,https://www.indeed.com/rc/clk?jk=0bdef51317370504&fccid=3aaabf5c54e51db9&vjs=3
12,https://www.indeed.com/rc/clk?jk=6a2ece2c334fca06&fccid=11aa33bd759b141a&vjs=3
13,https://www.indeed.com/rc/clk?jk=f0e79ae2f5e6919f&fccid=dd616958bd9ddc12&vjs=3
14,https://www.indeed.com/rc/clk?jk=c83dd59a5f49c59f&fccid=1862c19f25c10b20&vjs=3
15,https://www.indeed.com/rc/clk?jk=d053c50b8b3a541c&fccid=7455773bace145da&vjs=3
16,https://www.indeed.com/rc/clk?jk=6a2ece2c334fca06&fccid=11aa33bd759b141a&vjs=3
17,https://www.indeed.com/rc/clk?jk=6bc31324766c04c9&fccid=f08351abc513c21b&vjs=3
18,https://www.indeed.com/rc/clk?jk=5b23044dadaa06ab&fccid=feb4c3b140b1b8c4&vjs=3
19,https://www.indeed.com/rc/clk?jk=16a309c0531e6034&fccid=8448cfb694e74a06&vjs=3
20,https://www.indeed.com/rc/clk?jk=c3a0234232893f58&fccid=a84e2d6d6acdfd79&vjs=3
21,https://www.indeed.com/rc/clk?jk=542c216ae13739fb&fccid=24231fb9daf7c582&vjs=3
22,https://www.indeed.com/rc/clk?jk=06c9cb6c9617ee3e&fccid=9fd4537194642dc2&vjs=3
23,https://www.indeed.com/rc/clk?jk=03e0d9b5760f545f&fccid=fc5050a2f66dd83b&vjs=3
24,https://www.indeed.com/rc/clk?jk=efcec957695062a3&fccid=734cb5a01ee60f80&vjs=3
25,https://www.indeed.com/rc/clk?jk=935be99bd7a5b94c&fccid=2df6a1e69a70a1e7&vjs=3
26,https://www.indeed.com/rc/clk?jk=18dea1314c564bf9&fccid=a49928e90d5069a5&vjs=3
27,https://www.indeed.com/rc/clk?jk=4bf0cbb3620d8445&fccid=8e1dc9cac9a9d5f4&vjs=3
28,https://www.indeed.com/rc/clk?jk=c90c5d042a334ca9&fccid=6db5e5a81312ba41&vjs=3
29,https://www.indeed.com/rc/clk?jk=257ab8fffc9f4e00&fccid=a84e2d6d6acdfd79&vjs=3
30,https://www.indeed.com/rc/clk?jk=b9d86449c4e69de3&fccid=b0dfff63e4c7b9f7&vjs=3
31,https://www.indeed.com/rc/clk?jk=d58dccd740f3260d&fccid=cc6c085966d511ff&vjs=3
32,https://www.indeed.com/rc/clk?jk=4ee25a63e3bab7c3&fccid=0ca0607c69909b05&vjs=3
33,https://www.indeed.com/rc/clk?jk=e30c9f8eeeb3e2e8&fccid=aaf3b433897ea465&vjs=3
34,https://www.indeed.com/rc/clk?jk=e27b6e3f18f7e2af&fccid=6328b27691d3fdc3&vjs=3
35,https://www.indeed.com/rc/clk?jk=9f63c338715d80cc&fccid=938c68fc89db4b9d&vjs=3
36,https://www.indeed.com/rc/clk?jk=6a05c79f78436fa8&fccid=1d576909f83ac485&vjs=3
37,https://www.indeed.com/rc/clk?jk=06c9cb6c9617ee3e&fccid=9fd4537194642dc2&vjs=3
38,https://www.indeed.com/rc/clk?jk=ac53e0ea4ca36b12&fccid=87b328666e50453b&vjs=3
39,https://www.indeed.com/rc/clk?jk=e435eb012c776b6b&fccid=c799867d27c0cf3e&vjs=3
40,https://www.indeed.com/rc/clk?jk=e05b2fb9ffa4c6eb&fccid=7bb1e529ae2ec6de&vjs=3
41,https://www.indeed.com/rc/clk?jk=7882b2eed497d56e&fccid=8532c0940be41908&vjs=3
42,https://www.indeed.com/rc/clk?jk=0baf964b932666d6&fccid=ed739bcb6bd77f17&vjs=3
43,https://www.indeed.com/rc/clk?jk=8da887c6ff314efe&fccid=f4d8d9827523c093&vjs=3
44,https://www.indeed.com/rc/clk?jk=66630ea533ef4da1&fccid=4cdc512b3763b02a&vjs=3
45,https://www.indeed.com/rc/clk?jk=2ccff10f1e835dd7&fccid=43014b1412e0a7b6&vjs=3
46,https://www.indeed.com/rc/clk?jk=80ce2c8884aeb1a2&fccid=7eb0ae92a6869041&vjs=3
47,https://www.indeed.com/rc/clk?jk=03cff7406b7d916c&fccid=3e2f4067899ae29c&vjs=3
48,https://www.indeed.com/rc/clk?jk=0b43198ce32221e2&fccid=3e47064e1d2c02f8&vjs=3
49,https://www.indeed.com/rc/clk?jk=0343ad9e54ad6908&fccid=b2ec853ddaa29238&vjs=3
50,https://www.indeed.com/rc/clk?jk=3771458e3f65913e&fccid=de71a49b535e21cb&vjs=3
51,https://www.indeed.com/rc/clk?jk=f0e79ae2f5e6919f&fccid=dd616958bd9ddc12&vjs=3
52,https://www.indeed.com/rc/clk?jk=dd8fc25a0651ad45&fccid=b2ec853ddaa29238&vjs=3
53,https://www.indeed.com/rc/clk?jk=5b23044dadaa06ab&fccid=feb4c3b140b1b8c4&vjs=3
54,https://www.indeed.com/rc/clk?jk=416df6343ecdd555&fccid=de71a49b535e21cb&vjs=3
55,https://www.indeed.com/rc/clk?jk=4d336d6dd15eccfb&fccid=18cf5cb42a6ba9aa&vjs=3
56,https://www.indeed.com/rc/clk?jk=b9d86449c4e69de3&fccid=b0dfff63e4c7b9f7&vjs=3
57,https://www.indeed.com/rc/clk?jk=e05b2fb9ffa4c6eb&fccid=7bb1e529ae2ec6de&vjs=3
58,https://www.indeed.com/rc/clk?jk=278374e4a32dcf0c&fccid=a134f43504a76463&vjs=3
59,https://www.indeed.com/rc/clk?jk=ae65e3e1a935d10a&fccid=ab57d7ab7d04b100&vjs=3
60,https://www.indeed.com/rc/clk?jk=7b73d844a1eec8a7&fccid=0e8f04b45c1591f5&vjs=3
61,https://www.indeed.com/rc/clk?jk=ede079c1ad458631&fccid=92278e592a11e3a5&vjs=3
62,https://www.indeed.com/rc/clk?jk=0c872a67ae9d04de&fccid=0272fddcb6fcbae4&vjs=3
63,https://www.indeed.com/rc/clk?jk=7882b2eed497d56e&fccid=8532c0940be41908&vjs=3
64,https://www.indeed.com/rc/clk?jk=4895c5581d575885&fccid=dd616958bd9ddc12&vjs=3
65,https://www.indeed.com/rc/clk?jk=8e39dbdc1f970f6a&fccid=b64e9ea0f5623f41&vjs=3
66,https://www.indeed.com/rc/clk?jk=f21b296f3ed72312&fccid=356b91120a9f3762&vjs=3
67,https://www.indeed.com/rc/clk?jk=1344bccbd190d27b&fccid=5d8bf3b744324c09&vjs=3
68,https://www.indeed.com/rc/clk?jk=3e30fba4d56b852c&fccid=f78deb4253180651&vjs=3
69,https://www.indeed.com/rc/clk?jk=31dea34d359ba0e3&fccid=aaf3b433897ea465&vjs=3
70,https://www.indeed.com/rc/clk?jk=e49d639ab9153fe4&fccid=194eef4c168b8cc5&vjs=3
71,https://www.indeed.com/rc/clk?jk=4d336d6dd15eccfb&fccid=18cf5cb42a6ba9aa&vjs=3
72,https://www.indeed.com/rc/clk?jk=fe3ae924acab61cb&fccid=bed957c5db1a5593&vjs=3
73,https://www.indeed.com/rc/clk?jk=95b431f6a2cb4313&fccid=430cffbf1c607717&vjs=3
74,https://www.indeed.com/rc/clk?jk=e5ea641d37f8b4a1&fccid=de71a49b535e21cb&vjs=3
75,https://www.indeed.com/rc/clk?jk=9564e173ad23c4b9&fccid=39a19a914318b6bb&vjs=3
76,https://www.indeed.com/rc/clk?jk=5563d98b22a53d44&fccid=f95d0b21a031b226&vjs=3
77,https://www.indeed.com/rc/clk?jk=78c051ca29165020&fccid=e6339d186cc2600c&vjs=3
78,https://www.indeed.com/rc/clk?jk=b4e90933e4a8f05f&fccid=f371255a751bc9ee&vjs=3
79,https://www.indeed.com/rc/clk?jk=f1a69fa76a84b90d&fccid=4721f2872943131e&vjs=3
80,https://www.indeed.com/rc/clk?jk=9656a0c41d444d98&fccid=31eb74c61083f042&vjs=3
81,https://www.indeed.com/rc/clk?jk=390e5a18a0641302&fccid=f8a8108a00b363f6&vjs=3
82,https://www.indeed.com/rc/clk?jk=42c591437cfc4540&fccid=26f960259f86cb49&vjs=3
83,https://www.indeed.com/rc/clk?jk=1953b2f340fb3c6e&fccid=fa01c9930e595169&vjs=3
84,https://www.indeed.com/rc/clk?jk=416df6343ecdd555&fccid=de71a49b535e21cb&vjs=3
85,https://www.indeed.com/rc/clk?jk=8f6bc03ce75519e3&fccid=fc5050a2f66dd83b&vjs=3
86,https://www.indeed.com/rc/clk?jk=e26425d64c2586a4&fccid=e9112cb6e5fc52f1&vjs=3
87,https://www.indeed.com/rc/clk?jk=200442d8d8965271&fccid=af69eda013ac3845&vjs=3
88,https://www.indeed.com/rc/clk?jk=3b8e1bb438aa1543&fccid=ab57d7ab7d04b100&vjs=3
89,https://www.indeed.com/rc/clk?jk=e55a2c1d25ae07d7&fccid=e8d3ad0299948112&vjs=3
90,https://www.indeed.com/rc/clk?jk=597b9830f39b5420&fccid=bc8bf69154b5fc28&vjs=3
91,https://www.indeed.com/rc/clk?jk=c25fffce206bbb81&fccid=c2476a4f074d9348&vjs=3
92,https://www.indeed.com/rc/clk?jk=1c6c3eef50a1cb18&fccid=ca84251fffec7365&vjs=3
93,https://www.indeed.com/rc/clk?jk=822e2434a2dd8740&fccid=003656df63cede32&vjs=3
94,https://www.indeed.com/rc/clk?jk=89117dafd44d72dd&fccid=beb19d03a82f1bcd&vjs=3
95,https://www.indeed.com/rc/clk?jk=8e39dbdc1f970f6a&fccid=b64e9ea0f5623f41&vjs=3
96,https://www.indeed.com/rc/clk?jk=b8904053448f0d2c&fccid=67014df0f8d8ef3d&vjs=3
97,https://www.indeed.com/rc/clk?jk=2b7904ffcaa00b4b&fccid=466b6d97a250f05f&vjs=3
98,https://www.indeed.com/rc/clk?jk=e86692715bef2aad&fccid=69d294dd564bf502&vjs=3
99,https://www.indeed.com/rc/clk?jk=ebcde6b3be356cf6&fccid=1d300841a95e6260&vjs=3
100,https://www.indeed.com/rc/clk?jk=de452112c51b4c04&fccid=3067d36d9ddf9a66&vjs=3
101,https://www.indeed.com/rc/clk?jk=95b431f6a2cb4313&fccid=430cffbf1c607717&vjs=3
102,https://www.indeed.com/rc/clk?jk=845e524ccb9ddb29&fccid=55d04ccb9c4297c7&vjs=3
103,https://www.indeed.com/rc/clk?jk=7e3d28222df5682d&fccid=617030041ede8094&vjs=3
104,https://www.indeed.com/rc/clk?jk=47ec4e7b54fa4df5&fccid=5fdb887dea22aedd&vjs=3
105,https://www.indeed.com/rc/clk?jk=e435eb012c776b6b&fccid=c799867d27c0cf3e&vjs=3
106,https://www.indeed.com/rc/clk?jk=e98f924d9d327a7e&fccid=23fd69a645ef6b0d&vjs=3
107,https://www.indeed.com/rc/clk?jk=88fb8e27a491d349&fccid=b0a7a2f83c09c467&vjs=3
108,https://www.indeed.com/rc/clk?jk=3771458e3f65913e&fccid=de71a49b535e21cb&vjs=3
109,https://www.indeed.com/rc/clk?jk=68b0fdd6d3920860&fccid=0be7c2cff965b891&vjs=3
110,https://www.indeed.com/rc/clk?jk=5782599fc9393cec&fccid=adb60120fad58ed5&vjs=3
111,https://www.indeed.com/rc/clk?jk=caa14b1769b6362f&fccid=660a6df76073ee49&vjs=3
112,https://www.indeed.com/rc/clk?jk=9589db4d813b72a5&fccid=1eaccb082b10a196&vjs=3
113,https://www.indeed.com/rc/clk?jk=542c216ae13739fb&fccid=24231fb9daf7c582&vjs=3
114,https://www.indeed.com/rc/clk?jk=18232f022db8add5&fccid=8ab49380963852ab&vjs=3
115,https://www.indeed.com/rc/clk?jk=c6abed4bf90fe27f&fccid=b4e04bf6950ab9ef&vjs=3
116,https://www.indeed.com/rc/clk?jk=a7f18bd945797fb5&fccid=b9d4e9eceb3ff4c0&vjs=3
117,https://www.indeed.com/rc/clk?jk=38220411d6116678&fccid=43014b1412e0a7b6&vjs=3
118,https://www.indeed.com/rc/clk?jk=a6c5bf5f2e7c7526&fccid=f057e04c37cca134&vjs=3
119,https://www.indeed.com/rc/clk?jk=247db3124107f88c&fccid=7a3824693ee1074b&vjs=3
120,https://www.indeed.com/rc/clk?jk=efcec957695062a3&fccid=734cb5a01ee60f80&vjs=3
121,https://www.indeed.com/rc/clk?jk=e2fe8a3c27e639ce&fccid=ab57d7ab7d04b100&vjs=3
122,https://www.indeed.com/rc/clk?jk=8f908ff3423d71e4&fccid=bb0c672891002d42&vjs=3
123,https://www.indeed.com/rc/clk?jk=d10044e2baeb199e&fccid=dcf1eb2d7950bbb8&vjs=3
124,https://www.indeed.com/rc/clk?jk=d6222539bd5c30a2&fccid=761110cb1eadb0d9&vjs=3
125,https://www.indeed.com/rc/clk?jk=3e30fba4d56b852c&fccid=f78deb4253180651&vjs=3
126,https://www.indeed.com/rc/clk?jk=1c2b4cabc8978048&fccid=03e4db0332c8b1d7&vjs=3
127,https://www.indeed.com/rc/clk?jk=3025ca05ae12cf4e&fccid=4e2e9f3f7f88fcf6&vjs=3
128,https://www.indeed.com/rc/clk?jk=cc97ffcd7078a1af&fccid=f53fad3b59883186&vjs=3
129,https://www.indeed.com/rc/clk?jk=d9a8f1cbd7683a30&fccid=25ddcfc98114b689&vjs=3
130,https://www.indeed.com/rc/clk?jk=e0f058ce0cdeef22&fccid=ac6101b8c34bf398&vjs=3
131,https://www.indeed.com/rc/clk?jk=a65b2c96da1b2b2c&fccid=f000b378f19d0fa3&vjs=3
132,https://www.indeed.com/rc/clk?jk=1cef1b67e5ff39c7&fccid=a6682f4acb438f09&vjs=3
133,https://www.indeed.com/rc/clk?jk=de1ae65aec5406fe&fccid=6c8cd7fe12789d44&vjs=3
134,https://www.indeed.com/rc/clk?jk=c7809d2b9ba2ad9b&fccid=0ca0607c69909b05&vjs=3
135,https://www.indeed.com/rc/clk?jk=f3137b17eb195021&fccid=5f589639ccd58869&vjs=3
136,https://www.indeed.com/rc/clk?jk=89bfb8b857ac7a63&fccid=8e5415c099aa948c&vjs=3
137,https://www.indeed.com/rc/clk?jk=d3a59793e4261950&fccid=6c8cd7fe12789d44&vjs=3
138,https://www.indeed.com/rc/clk?jk=5c900f5752dc8457&fccid=9a92a4bf81326e1e&vjs=3
139,https://www.indeed.com/rc/clk?jk=bc9f3c7ac70eb247&fccid=41a3a93df3c370e2&vjs=3
140,https://www.indeed.com/rc/clk?jk=0a919ccd40dc550c&fccid=fc68da685e8aa986&vjs=3
141,https://www.indeed.com/rc/clk?jk=5782599fc9393cec&fccid=adb60120fad58ed5&vjs=3
142,https://www.indeed.com/rc/clk?jk=d58dccd740f3260d&fccid=cc6c085966d511ff&vjs=3
143,https://www.indeed.com/rc/clk?jk=378b093ae42d5599&fccid=5ca009cd203cc987&vjs=3
144,https://www.indeed.com/rc/clk?jk=bc2c556a96ae5cba&fccid=28772b21579c7b88&vjs=3
145,https://www.indeed.com/rc/clk?jk=9589db4d813b72a5&fccid=1eaccb082b10a196&vjs=3
146,https://www.indeed.com/rc/clk?jk=7e79ab89301ca658&fccid=96e5096db2fcfa34&vjs=3
147,https://www.indeed.com/rc/clk?jk=d73e742a5c6b4b58&fccid=6e79592add3fce05&vjs=3
148,https://www.indeed.com/rc/clk?jk=29ce2712ad509e78&fccid=1d12de4e45a75ea2&vjs=3
149,https://www.indeed.com/rc/clk?jk=8580d97651452d92&fccid=f4ac46d31fd04b35&vjs=3
150,https://www.indeed.com/rc/clk?jk=2da234b0e80101b4&fccid=46f00c8d99415e76&vjs=3
151,https://www.indeed.com/rc/clk?jk=704f61a1ba733c6c&fccid=de56d7554bea5214&vjs=3
152,https://www.indeed.com/rc/clk?jk=d10044e2baeb199e&fccid=dcf1eb2d7950bbb8&vjs=3
153,https://www.indeed.com/rc/clk?jk=056dd61ba20269e3&fccid=59c8dd8d08606f37&vjs=3
154,https://www.indeed.com/rc/clk?jk=5563d98b22a53d44&fccid=f95d0b21a031b226&vjs=3
155,https://www.indeed.com/rc/clk?jk=6ae85d4d15b0038e&fccid=11aa33bd759b141a&vjs=3
156,https://www.indeed.com/rc/clk?jk=09e268d58ee9d901&fccid=26108e784f9361a6&vjs=3
157,https://www.indeed.com/rc/clk?jk=8fb120716487ac23&fccid=03e4d89312876dda&vjs=3
158,https://www.indeed.com/rc/clk?jk=ad298ddc644e1960&fccid=f492abcbc0e32a4e&vjs=3
159,https://www.indeed.com/rc/clk?jk=1e2b1c38f5d1bf05&fccid=3fd674b3700d7533&vjs=3
160,https://www.indeed.com/rc/clk?jk=3f3f9f1734087e9c&fccid=194eef4c168b8cc5&vjs=3
161,https://www.indeed.com/rc/clk?jk=47ec4e7b54fa4df5&fccid=5fdb887dea22aedd&vjs=3
162,https://www.indeed.com/rc/clk?jk=d5b2447ec6e05a7e&fccid=761110cb1eadb0d9&vjs=3
163,https://www.indeed.com/rc/clk?jk=b543725c8383b0d4&fccid=39e0e2dd6e948ada&vjs=3
164,https://www.indeed.com/rc/clk?jk=3025ca05ae12cf4e&fccid=4e2e9f3f7f88fcf6&vjs=3
165,https://www.indeed.com/rc/clk?jk=ac77a99fb14adaaf&fccid=b084df731e764442&vjs=3
166,https://www.indeed.com/rc/clk?jk=f76666ca6a30a478&fccid=f28d659c13a0ec47&vjs=3
167,https://www.indeed.com/rc/clk?jk=ca72144f21250649&fccid=aceaa2fc4d04153c&vjs=3
168,https://www.indeed.com/rc/clk?jk=5ec081b5662f789c&fccid=d81ffc39c84ae85d&vjs=3
169,https://www.indeed.com/rc/clk?jk=4895c5581d575885&fccid=dd616958bd9ddc12&vjs=3
170,https://www.indeed.com/rc/clk?jk=57ffc029e0212724&fccid=cb01683886f0058a&vjs=3
171,https://www.indeed.com/rc/clk?jk=188ea738cc3c792e&fccid=6b7a1dfe07e7f037&vjs=3
172,https://www.indeed.com/rc/clk?jk=68b0fdd6d3920860&fccid=0be7c2cff965b891&vjs=3
173,https://www.indeed.com/rc/clk?jk=6d71fab3cc5a9528&fccid=617d813b7ebb0e72&vjs=3
174,https://www.indeed.com/rc/clk?jk=b785d90d70ee0ba3&fccid=aaf3b433897ea465&vjs=3
175,https://www.indeed.com/rc/clk?jk=8869f17052790021&fccid=7f3b88cbb75e7b62&vjs=3
176,https://www.indeed.com/rc/clk?jk=1c2b4cabc8978048&fccid=03e4db0332c8b1d7&vjs=3
177,https://www.indeed.com/rc/clk?jk=e98f924d9d327a7e&fccid=23fd69a645ef6b0d&vjs=3
178,https://www.indeed.com/rc/clk?jk=79e8a022478075c1&fccid=88766a5c4996f635&vjs=3
179,https://www.indeed.com/rc/clk?jk=6cdbda3276ef1cd1&fccid=fc68da685e8aa986&vjs=3
180,https://www.indeed.com/rc/clk?jk=7ad70c27ce22f1cd&fccid=8ad805fbb70168d6&vjs=3
181,https://www.indeed.com/rc/clk?jk=056dd61ba20269e3&fccid=59c8dd8d08606f37&vjs=3
182,https://www.indeed.com/rc/clk?jk=5421955819dcd5fe&fccid=126e3afd205caa95&vjs=3
183,https://www.indeed.com/rc/clk?jk=e25b26f8f36d6be4&fccid=aaf3b433897ea465&vjs=3
184,https://www.indeed.com/rc/clk?jk=9a71bb53ec56e45e&fccid=194eef4c168b8cc5&vjs=3
185,https://www.indeed.com/rc/clk?jk=bc58b9a75157e478&fccid=6d19b3e54be9bb3a&vjs=3
186,https://www.indeed.com/rc/clk?jk=89bfb8b857ac7a63&fccid=8e5415c099aa948c&vjs=3
187,https://www.indeed.com/rc/clk?jk=ab2c5a09fb529c46&fccid=651efdf751108f25&vjs=3
188,https://www.indeed.com/rc/clk?jk=d8a5b0d067302ddb&fccid=26877094797beef3&vjs=3
189,https://www.indeed.com/rc/clk?jk=d3a59793e4261950&fccid=6c8cd7fe12789d44&vjs=3
190,https://www.indeed.com/rc/clk?jk=b140f9285e010098&fccid=466b6d97a250f05f&vjs=3
191,https://www.indeed.com/rc/clk?jk=1877e1252a1e7c41&fccid=5d8bf3b744324c09&vjs=3
192,https://www.indeed.com/rc/clk?jk=7f3ed44e5489c811&fccid=7d835ae59a08238c&vjs=3
193,https://www.indeed.com/rc/clk?jk=1488274aad3b3126&fccid=3f83bc2c54694155&vjs=3
194,https://www.indeed.com/rc/clk?jk=d5cf5020c0fad19e&fccid=f4e7261d0c67c2b1&vjs=3
195,https://www.indeed.com/rc/clk?jk=805f1dfde18f1d71&fccid=5816b48d767d6910&vjs=3
196,https://www.indeed.com/rc/clk?jk=f2a2b6c50ebc9917&fccid=6cca2487d7edfd0d&vjs=3
197,https://www.indeed.com/rc/clk?jk=60e838a86226108f&fccid=bd0013c41b0fe15a&vjs=3
198,https://www.indeed.com/rc/clk?jk=bc9f3c7ac70eb247&fccid=41a3a93df3c370e2&vjs=3
199,https://www.indeed.com/rc/clk?jk=70ed55fa915109d4&fccid=8842d5a7401148c6&vjs=3
200,https://www.indeed.com/rc/clk?jk=f27940a85f0fc8e4&fccid=20790807beadbe06&vjs=3
201,https://www.indeed.com/rc/clk?jk=281d4cf1a971bbfb&fccid=fdb926660fbd2860&vjs=3
202,https://www.indeed.com/rc/clk?jk=37b32bd0fd47485a&fccid=f885f4a4e2af5ee9&vjs=3
203,https://www.indeed.com/rc/clk?jk=684af8202c332b33&fccid=145e6a701e203f3f&vjs=3
204,https://www.indeed.com/rc/clk?jk=0a919ccd40dc550c&fccid=fc68da685e8aa986&vjs=3
205,https://www.indeed.com/rc/clk?jk=b0d923033fa501f8&fccid=e0b682175273abec&vjs=3
206,https://www.indeed.com/rc/clk?jk=0a15fa886dca0fd8&fccid=c1099851e9794854&vjs=3
207,https://www.indeed.com/rc/clk?jk=8daab6f84803ec09&fccid=a03035a79e21aba0&vjs=3
208,https://www.indeed.com/rc/clk?jk=cc97ffcd7078a1af&fccid=f53fad3b59883186&vjs=3
209,https://www.indeed.com/rc/clk?jk=056725bdd87cfc4c&fccid=e8ae137334e69f14&vjs=3
210,https://www.indeed.com/rc/clk?jk=91ecdbf2e292e38f&fccid=953fffca4e2940be&vjs=3
211,https://www.indeed.com/rc/clk?jk=4c8d231d5575846e&fccid=c18e18085bc4532f&vjs=3
212,https://www.indeed.com/rc/clk?jk=056725bdd87cfc4c&fccid=e8ae137334e69f14&vjs=3
213,https://www.indeed.com/rc/clk?jk=9dc27358b456089a&fccid=56bc5b1c97b3e45b&vjs=3
214,https://www.indeed.com/rc/clk?jk=d8a5b0d067302ddb&fccid=26877094797beef3&vjs=3
215,https://www.indeed.com/rc/clk?jk=af707802a8826a76&fccid=6b444107c149db6d&vjs=3
216,https://www.indeed.com/rc/clk?jk=70ed55fa915109d4&fccid=8842d5a7401148c6&vjs=3
217,https://www.indeed.com/rc/clk?jk=42acc5beaca8f6fe&fccid=c5b23f7d3aae4157&vjs=3
218,https://www.indeed.com/rc/clk?jk=5c900f5752dc8457&fccid=9a92a4bf81326e1e&vjs=3
219,https://www.indeed.com/rc/clk?jk=a53fc5822fde6aad&fccid=750bb2e27e97e3c1&vjs=3
220,https://www.indeed.com/rc/clk?jk=0a15fa886dca0fd8&fccid=c1099851e9794854&vjs=3
221,https://www.indeed.com/rc/clk?jk=684af8202c332b33&fccid=145e6a701e203f3f&vjs=3
222,https://www.indeed.com/rc/clk?jk=281d4cf1a971bbfb&fccid=fdb926660fbd2860&vjs=3
223,https://www.indeed.com/rc/clk?jk=a925de1d74f84c3b&fccid=8d34505964da4816&vjs=3
224,https://www.indeed.com/rc/clk?jk=6282faf3041e829a&fccid=0a892408c21561d3&vjs=3
225,https://www.indeed.com/rc/clk?jk=30d18ca7192da272&fccid=0b4439b9e8944c36&vjs=3
226,https://www.indeed.com/rc/clk?jk=7d1605a882d29585&fccid=61999ed7c83327a5&vjs=3
227,https://www.indeed.com/rc/clk?jk=6f1e7198c65da552&fccid=ab3b40a005cd4092&vjs=3
228,https://www.indeed.com/rc/clk?jk=ca188ab0ec46fcd6&fccid=329298f779d234fc&vjs=3
229,https://www.indeed.com/rc/clk?jk=f76666ca6a30a478&fccid=f28d659c13a0ec47&vjs=3
230,https://www.indeed.com/rc/clk?jk=136c3f2ba0d9c892&fccid=b80913b42d103477&vjs=3
231,https://www.indeed.com/rc/clk?jk=fd16bf1f71d2871e&fccid=c11c6d13566411b8&vjs=3
232,https://www.indeed.com/rc/clk?jk=c2d4391b467368e3&fccid=2828b6e7c2ab666e&vjs=3
233,https://www.indeed.com/rc/clk?jk=2c12602da7b8c96d&fccid=b541ffabed35b3c6&vjs=3
234,https://www.indeed.com/rc/clk?jk=fc1b04c3e5e5059c&fccid=092e964a7959a3c7&vjs=3
235,https://www.indeed.com/rc/clk?jk=58baf7894f5e16f6&fccid=aa24026a82dc7d43&vjs=3
236,https://www.indeed.com/rc/clk?jk=ad9877077ee66725&fccid=25ddcfc98114b689&vjs=3
237,https://www.indeed.com/rc/clk?jk=7e88598506b28b43&fccid=ad922b1634033e44&vjs=3
238,https://www.indeed.com/rc/clk?jk=0b3f374976573924&fccid=2aa6aca8d843594f&vjs=3
239,https://www.indeed.com/rc/clk?jk=f93e6f12bdf70e08&fccid=7c1199439c047689&vjs=3
240,https://www.indeed.com/rc/clk?jk=40b0094f5b891462&fccid=8c8f9a1b6d5cc54b&vjs=3
241,https://www.indeed.com/rc/clk?jk=8f908ff3423d71e4&fccid=bb0c672891002d42&vjs=3
242,https://www.indeed.com/rc/clk?jk=805f1dfde18f1d71&fccid=5816b48d767d6910&vjs=3
243,https://www.indeed.com/rc/clk?jk=8d3cf959c6210d87&fccid=0ca78b1b1dcaea61&vjs=3
244,https://www.indeed.com/rc/clk?jk=3ff08e956b286d06&fccid=de71a49b535e21cb&vjs=3
245,https://www.indeed.com/rc/clk?jk=65cd0ee9d2a2d600&fccid=cbeeee85f0a8fd3f&vjs=3
246,https://www.indeed.com/rc/clk?jk=a4627c960407c1be&fccid=bf416f3bf5a9511c&vjs=3
247,https://www.indeed.com/rc/clk?jk=b543725c8383b0d4&fccid=39e0e2dd6e948ada&vjs=3
248,https://www.indeed.com/rc/clk?jk=d60714ea1ff1e678&fccid=e962af4569c51cda&vjs=3
249,https://www.indeed.com/rc/clk?jk=ac1e6dbda2890d0f&fccid=79d6146c220f0a50&vjs=3
250,https://www.indeed.com/rc/clk?jk=4995b85489c6ffab&fccid=aaf3b433897ea465&vjs=3
251,https://www.indeed.com/rc/clk?jk=36c419d02fe63ab4&fccid=fc5050a2f66dd83b&vjs=3
252,https://www.indeed.com/rc/clk?jk=bf59452b408314e9&fccid=dbbd743d3bb37a4e&vjs=3
253,https://www.indeed.com/rc/clk?jk=4ff6029e4f4fc271&fccid=c55411e1f835c2a5&vjs=3
254,https://www.indeed.com/rc/clk?jk=684af8202c332b33&fccid=145e6a701e203f3f&vjs=3
255,https://www.indeed.com/rc/clk?jk=5e7c54b750211d9e&fccid=371edccc9e6ec74d&vjs=3
256,https://www.indeed.com/rc/clk?jk=8daab6f84803ec09&fccid=a03035a79e21aba0&vjs=3
257,https://www.indeed.com/rc/clk?jk=3477d8939e6741d7&fccid=2fac3095d85449e3&vjs=3
258,https://www.indeed.com/rc/clk?jk=14b86043e9746897&fccid=cd22d01053af7669&vjs=3
259,https://www.indeed.com/rc/clk?jk=b0d923033fa501f8&fccid=e0b682175273abec&vjs=3
260,https://www.indeed.com/rc/clk?jk=ba9f0a4d92c42336&fccid=4af777510672922c&vjs=3
261,https://www.indeed.com/rc/clk?jk=3e4f38dbdd95e305&fccid=27775ab686b975b8&vjs=3
262,https://www.indeed.com/rc/clk?jk=57ffc029e0212724&fccid=cb01683886f0058a&vjs=3
263,https://www.indeed.com/rc/clk?jk=e3fb38dedebc9ef3&fccid=c38b9e037d59cc90&vjs=3
264,https://www.indeed.com/rc/clk?jk=b4a8f88594475b88&fccid=91d3775eb0fb0ed0&vjs=3
265,https://www.indeed.com/rc/clk?jk=dfec0534503fefa9&fccid=ce2706eeb46d191e&vjs=3
266,https://www.indeed.com/rc/clk?jk=73cde4ec5168970e&fccid=e548ba1beb5a44af&vjs=3
267,https://www.indeed.com/rc/clk?jk=6979d3bf52f77705&fccid=ac567bf1a98ca260&vjs=3
268,https://www.indeed.com/rc/clk?jk=baaa8a0c1f573f17&fccid=7f6d63c2f2547d50&vjs=3
269,https://www.indeed.com/rc/clk?jk=dc9cd554fa0e3109&fccid=e20c3d61b9447947&vjs=3
270,https://www.indeed.com/rc/clk?jk=e73026fad9d7e5a8&fccid=061d9997e008383f&vjs=3
271,https://www.indeed.com/rc/clk?jk=0b3f374976573924&fccid=2aa6aca8d843594f&vjs=3
272,https://www.indeed.com/rc/clk?jk=ffce8577dcc05651&fccid=30be1ae2a0950113&vjs=3
273,https://www.indeed.com/rc/clk?jk=cc2c95939ebdaaa1&fccid=520cfaabb27a92ab&vjs=3
274,https://www.indeed.com/rc/clk?jk=b44ec37c4140a26f&fccid=aaf3b433897ea465&vjs=3
275,https://www.indeed.com/rc/clk?jk=58bd6bab50857405&fccid=49f9eaa23a83efbe&vjs=3
276,https://www.indeed.com/rc/clk?jk=1d3f79c71bd5f9df&fccid=6c6be4ac01722b08&vjs=3
277,https://www.indeed.com/rc/clk?jk=5a37c4c38b93377d&fccid=bd976cc171c690e0&vjs=3
278,https://www.indeed.com/rc/clk?jk=cd3d796a33737e44&fccid=8b9bafd9d608c198&vjs=3
279,https://www.indeed.com/rc/clk?jk=242616ffce332aa5&fccid=bc51f56762438d6f&vjs=3
280,https://www.indeed.com/rc/clk?jk=751403494d01fdcc&fccid=bea1b9a2d6c7ccfb&vjs=3
281,https://www.indeed.com/rc/clk?jk=4dcd274e01cdf69d&fccid=0a926f92aa51af6a&vjs=3
282,https://www.indeed.com/rc/clk?jk=2a7352bd5b499e85&fccid=3d93143c99ff89a3&vjs=3
283,https://www.indeed.com/rc/clk?jk=c49ad1bf4b5e50b3&fccid=2be2233326c5ba1e&vjs=3
284,https://www.indeed.com/rc/clk?jk=6979d3bf52f77705&fccid=ac567bf1a98ca260&vjs=3
285,https://www.indeed.com/rc/clk?jk=6d89f05273d0ebb0&fccid=3fd674b3700d7533&vjs=3
286,https://www.indeed.com/rc/clk?jk=e1492619777209e6&fccid=dd868c18c83cc447&vjs=3
287,https://www.indeed.com/rc/clk?jk=5a47bca279bdb837&fccid=feaabf8e6a699d3c&vjs=3
288,https://www.indeed.com/rc/clk?jk=4d0d66abc2327ee2&fccid=335260ae02d1f584&vjs=3
289,https://www.indeed.com/rc/clk?jk=3f3f9f1734087e9c&fccid=194eef4c168b8cc5&vjs=3
290,https://www.indeed.com/rc/clk?jk=49bdd0b8cb80079f&fccid=838050d15280ca9b&vjs=3
291,https://www.indeed.com/rc/clk?jk=2cd1e4bc398c9b16&fccid=aa0c107946f57109&vjs=3
292,https://www.indeed.com/rc/clk?jk=4ee25a63e3bab7c3&fccid=0ca0607c69909b05&vjs=3
293,https://www.indeed.com/rc/clk?jk=14d6be20412b618b&fccid=7fcd9fbbcf4a833f&vjs=3
294,https://www.indeed.com/rc/clk?jk=323913e20997e9b1&fccid=0e8f04b45c1591f5&vjs=3
295,https://www.indeed.com/rc/clk?jk=e918a3fc057467c7&fccid=8510f9bc3a085f8e&vjs=3
296,https://www.indeed.com/rc/clk?jk=d138a3f42d176326&fccid=af82ae75c415078a&vjs=3
297,https://www.indeed.com/rc/clk?jk=851c2e6fe58d4d1e&fccid=ff49adb9811f4546&vjs=3
298,https://www.indeed.com/rc/clk?jk=ddd907bb4bd4f6c8&fccid=1c357188d381f1d7&vjs=3
299,https://www.indeed.com/rc/clk?jk=ddde161423a74aa7&fccid=b7c2b45e2f6dc3fb&vjs=3
300,https://www.indeed.com/rc/clk?jk=056725bdd87cfc4c&fccid=e8ae137334e69f14&vjs=3
301,https://www.indeed.com/rc/clk?jk=ee5f338d00542e18&fccid=de71a49b535e21cb&vjs=3
302,https://www.indeed.com/rc/clk?jk=0a6bd1fb2508054a&fccid=d576b5b1f45626a0&vjs=3
303,https://www.indeed.com/rc/clk?jk=8869f17052790021&fccid=7f3b88cbb75e7b62&vjs=3
304,https://www.indeed.com/rc/clk?jk=6a1105634377aba4&fccid=fc5050a2f66dd83b&vjs=3
305,https://www.indeed.com/rc/clk?jk=394fe9958734e082&fccid=9b319cef75410f63&vjs=3
306,https://www.indeed.com/rc/clk?jk=82a485addd4d4758&fccid=2a126b72be5ef0f6&vjs=3
307,https://www.indeed.com/rc/clk?jk=c0fd61e08b47c18d&fccid=84d6db319066eb61&vjs=3
308,https://www.indeed.com/rc/clk?jk=a42fd60e7916c445&fccid=f0510fd01a22c86d&vjs=3
309,https://www.indeed.com/rc/clk?jk=eca69a7d39329600&fccid=92278e592a11e3a5&vjs=3
310,https://www.indeed.com/rc/clk?jk=1f531eaf74c70e87&fccid=87a89eed4f0f35b3&vjs=3
311,https://www.indeed.com/rc/clk?jk=09250a5e80bcad0d&fccid=2655ee0588d06183&vjs=3
312,https://www.indeed.com/rc/clk?jk=40b6127b1a8bc26c&fccid=dd616958bd9ddc12&vjs=3
313,https://www.indeed.com/rc/clk?jk=b453e992a8e0c949&fccid=86e9be6ce380173e&vjs=3
314,https://www.indeed.com/rc/clk?jk=da74cdff6307976c&fccid=9cf46a262840e26a&vjs=3
315,https://www.indeed.com/rc/clk?jk=01beb7a1a435fb54&fccid=3f83bc2c54694155&vjs=3
316,https://www.indeed.com/rc/clk?jk=eb1c23280e3bfd1c&fccid=67238882479f88a2&vjs=3
317,https://www.indeed.com/rc/clk?jk=68beb8e6ee1c3d2b&fccid=d46851719bfc7612&vjs=3
318,https://www.indeed.com/rc/clk?jk=5cfbe90d3faf2b75&fccid=d8e7624a0ae22d03&vjs=3
319,https://www.indeed.com/rc/clk?jk=3842122d12e18516&fccid=86e9be6ce380173e&vjs=3
320,https://www.indeed.com/rc/clk?jk=ec9d7e4f92300b9e&fccid=b5a143d8f466dbab&vjs=3
321,https://www.indeed.com/rc/clk?jk=20bd8c91a532709c&fccid=e7db6a993425d722&vjs=3
322,https://www.indeed.com/rc/clk?jk=351dffdf495e6f16&fccid=eda0d922dad148f7&vjs=3
323,https://www.indeed.com/rc/clk?jk=3e4f38dbdd95e305&fccid=27775ab686b975b8&vjs=3
324,https://www.indeed.com/rc/clk?jk=90524604eebff8ca&fccid=c0940253894c503b&vjs=3
325,https://www.indeed.com/rc/clk?jk=2f02963f5c9ded1c&fccid=7690d1268f298c33&vjs=3
326,https://www.indeed.com/rc/clk?jk=1fdfa14c0202b1a1&fccid=b8b24773975b4576&vjs=3
327,https://www.indeed.com/rc/clk?jk=f2f3a89c29a9b0ee&fccid=6d4f607d4211af63&vjs=3
328,https://www.indeed.com/rc/clk?jk=d73e742a5c6b4b58&fccid=6e79592add3fce05&vjs=3
329,https://www.indeed.com/rc/clk?jk=c2a6cbe050564d93&fccid=97392be5bffc5da4&vjs=3
330,https://www.indeed.com/rc/clk?jk=bc5fdbd7498f95c5&fccid=a726d6d11c49c4c5&vjs=3
331,https://www.indeed.com/rc/clk?jk=a686d97b20838b16&fccid=d8e73bc8caeb8a6c&vjs=3
332,https://www.indeed.com/rc/clk?jk=e2fe8a3c27e639ce&fccid=ab57d7ab7d04b100&vjs=3
333,https://www.indeed.com/rc/clk?jk=cd3d796a33737e44&fccid=8b9bafd9d608c198&vjs=3
334,https://www.indeed.com/rc/clk?jk=ab1bd021973d57be&fccid=4b4f8ff3f2dcab0b&vjs=3
335,https://www.indeed.com/rc/clk?jk=f16d5642f36de713&fccid=6ef931c94ef48945&vjs=3
336,https://www.indeed.com/rc/clk?jk=e5ea641d37f8b4a1&fccid=de71a49b535e21cb&vjs=3
337,https://www.indeed.com/rc/clk?jk=757615d98429c1fd&fccid=8077183a161ef0fd&vjs=3
338,https://www.indeed.com/rc/clk?jk=d86f1241f6759988&fccid=150e3cde9175cb06&vjs=3
339,https://www.indeed.com/rc/clk?jk=8b73b926cbbfce4a&fccid=2fac3095d85449e3&vjs=3
340,https://www.indeed.com/rc/clk?jk=86979c3f99797182&fccid=86e9be6ce380173e&vjs=3
341,https://www.indeed.com/rc/clk?jk=0ebce2896482712f&fccid=56301517d698516a&vjs=3
342,https://www.indeed.com/rc/clk?jk=cf50066fa9f749c4&fccid=2dc73b57e10a66d5&vjs=3
343,https://www.indeed.com/rc/clk?jk=121f1fa37c14de5e&fccid=535f108e774016a4&vjs=3
344,https://www.indeed.com/rc/clk?jk=ca72144f21250649&fccid=aceaa2fc4d04153c&vjs=3
345,https://www.indeed.com/rc/clk?jk=a42fd60e7916c445&fccid=f0510fd01a22c86d&vjs=3
346,https://www.indeed.com/rc/clk?jk=1fbad4f3d514261e&fccid=ccfa7a3b1d0df345&vjs=3
347,https://www.indeed.com/rc/clk?jk=af3919e57efae27d&fccid=866d48ec5106dcdb&vjs=3
348,https://www.indeed.com/rc/clk?jk=447bc08ec8c77c73&fccid=86e9be6ce380173e&vjs=3
349,https://www.indeed.com/rc/clk?jk=fa9ddf1b338942e8&fccid=469d08cd988981cc&vjs=3
350,https://www.indeed.com/rc/clk?jk=0c8cbe34055f348b&fccid=d8e73bc8caeb8a6c&vjs=3
351,https://www.indeed.com/rc/clk?jk=b260abaa198f4985&fccid=1f253f9238a67842&vjs=3
352,https://www.indeed.com/rc/clk?jk=3335b8047aa54ee9&fccid=d3421df48f57b11d&vjs=3
353,https://www.indeed.com/rc/clk?jk=d71ee64cc84b9836&fccid=fe2d21eef233e94a&vjs=3
354,https://www.indeed.com/rc/clk?jk=79dc2e80ad1b2251&fccid=05250d49a3aadb9e&vjs=3
355,https://www.indeed.com/rc/clk?jk=1571e3d813fe2772&fccid=4f288815a0ee7a90&vjs=3
356,https://www.indeed.com/rc/clk?jk=de452112c51b4c04&fccid=3067d36d9ddf9a66&vjs=3
357,https://www.indeed.com/rc/clk?jk=b3297563e6a1dc04&fccid=8177021cdb259d9d&vjs=3
358,https://www.indeed.com/rc/clk?jk=db6d8b50e94648c5&fccid=596e2755a4086c9c&vjs=3
359,https://www.indeed.com/rc/clk?jk=eede36588a4e5c57&fccid=9176976fbcea4439&vjs=3
360,https://www.indeed.com/rc/clk?jk=1329e66959638b24&fccid=f057e04c37cca134&vjs=3
361,https://www.indeed.com/rc/clk?jk=281d4cf1a971bbfb&fccid=fdb926660fbd2860&vjs=3
362,https://www.indeed.com/rc/clk?jk=5e9c43b1c17e676a&fccid=cc6e9700b536f416&vjs=3
363,https://www.indeed.com/rc/clk?jk=f21b296f3ed72312&fccid=356b91120a9f3762&vjs=3
364,https://www.indeed.com/rc/clk?jk=6d71fab3cc5a9528&fccid=617d813b7ebb0e72&vjs=3
365,https://www.indeed.com/rc/clk?jk=c6a4dbeb179015b6&fccid=9519b78d91690a4e&vjs=3
366,https://www.indeed.com/rc/clk?jk=49166afcf6f10cd7&fccid=edae4285faf6c2f0&vjs=3
367,https://www.indeed.com/rc/clk?jk=e45c0a6209caae0d&fccid=2538341e4fc8e298&vjs=3
368,https://www.indeed.com/rc/clk?jk=88ebcf9a9eb6beb4&fccid=d226dfd6fbcae3b9&vjs=3
369,https://www.indeed.com/rc/clk?jk=ca25cfb308d690fe&fccid=9ce4da542035a9ae&vjs=3
370,https://www.indeed.com/rc/clk?jk=de1ac5290f262098&fccid=5f94ace5a10fef85&vjs=3
371,https://www.indeed.com/rc/clk?jk=17a79fbf7a214e37&fccid=c1099851e9794854&vjs=3
372,https://www.indeed.com/rc/clk?jk=bb3ec188c209903e&fccid=ee36318f492b3846&vjs=3
373,https://www.indeed.com/rc/clk?jk=632e513798c7d76f&fccid=a80940fcb1c9e1c1&vjs=3
374,https://www.indeed.com/rc/clk?jk=3615da8d06e78759&fccid=90ebb803a696a758&vjs=3
375,https://www.indeed.com/rc/clk?jk=65cd0ee9d2a2d600&fccid=cbeeee85f0a8fd3f&vjs=3
376,https://www.indeed.com/rc/clk?jk=a4627c960407c1be&fccid=bf416f3bf5a9511c&vjs=3
377,https://www.indeed.com/rc/clk?jk=b543725c8383b0d4&fccid=39e0e2dd6e948ada&vjs=3
378,https://www.indeed.com/rc/clk?jk=d60714ea1ff1e678&fccid=e962af4569c51cda&vjs=3
379,https://www.indeed.com/rc/clk?jk=ac1e6dbda2890d0f&fccid=79d6146c220f0a50&vjs=3
380,https://www.indeed.com/rc/clk?jk=4995b85489c6ffab&fccid=aaf3b433897ea465&vjs=3
381,https://www.indeed.com/rc/clk?jk=36c419d02fe63ab4&fccid=fc5050a2f66dd83b&vjs=3
382,https://www.indeed.com/rc/clk?jk=bf59452b408314e9&fccid=dbbd743d3bb37a4e&vjs=3
383,https://www.indeed.com/rc/clk?jk=4ff6029e4f4fc271&fccid=c55411e1f835c2a5&vjs=3
384,https://www.indeed.com/rc/clk?jk=684af8202c332b33&fccid=145e6a701e203f3f&vjs=3
385,https://www.indeed.com/rc/clk?jk=5e7c54b750211d9e&fccid=371edccc9e6ec74d&vjs=3
386,https://www.indeed.com/rc/clk?jk=8daab6f84803ec09&fccid=a03035a79e21aba0&vjs=3
387,https://www.indeed.com/rc/clk?jk=3477d8939e6741d7&fccid=2fac3095d85449e3&vjs=3
388,https://www.indeed.com/rc/clk?jk=14b86043e9746897&fccid=cd22d01053af7669&vjs=3
389,https://www.indeed.com/rc/clk?jk=b0d923033fa501f8&fccid=e0b682175273abec&vjs=3
390,https://www.indeed.com/rc/clk?jk=ba9f0a4d92c42336&fccid=4af777510672922c&vjs=3
391,https://www.indeed.com/rc/clk?jk=3e4f38dbdd95e305&fccid=27775ab686b975b8&vjs=3
392,https://www.indeed.com/rc/clk?jk=57ffc029e0212724&fccid=cb01683886f0058a&vjs=3
393,https://www.indeed.com/rc/clk?jk=e3fb38dedebc9ef3&fccid=c38b9e037d59cc90&vjs=3
394,https://www.indeed.com/rc/clk?jk=b4a8f88594475b88&fccid=91d3775eb0fb0ed0&vjs=3
395,https://www.indeed.com/rc/clk?jk=6bf85c1036be3048&fccid=69d6caa2348c7395&vjs=3
396,https://www.indeed.com/rc/clk?jk=f7614a39aa5beb7c&fccid=2ab3a6c67ca674db&vjs=3
397,https://www.indeed.com/rc/clk?jk=86bb2e98b912b7a9&fccid=ac9531a4aa5791eb&vjs=3
398,https://www.indeed.com/rc/clk?jk=be9c1d528cb5c897&fccid=36b1f158258716b6&vjs=3
399,https://www.indeed.com/rc/clk?jk=3b08fbe6b439504d&fccid=de71a49b535e21cb&vjs=3
400,https://www.indeed.com/rc/clk?jk=cc4d0dab6e5d672a&fccid=6734fb54c538e44a&vjs=3
401,https://www.indeed.com/rc/clk?jk=90524604eebff8ca&fccid=c0940253894c503b&vjs=3
402,https://www.indeed.com/rc/clk?jk=ebbb0e073c7c9e5b&fccid=8e86626af4da8499&vjs=3
403,https://www.indeed.com/rc/clk?jk=04257bf9eca378fb&fccid=a2e1b2792b13dd53&vjs=3
404,https://www.indeed.com/rc/clk?jk=1e906a6f759305a6&fccid=651e8bfcd47cc304&vjs=3
405,https://www.indeed.com/rc/clk?jk=9f0885a6b58acaae&fccid=646efbba16bf8c00&vjs=3
406,https://www.indeed.com/rc/clk?jk=d6c40ea5a6254207&fccid=809e809afbb8ab67&vjs=3
407,https://www.indeed.com/rc/clk?jk=242616ffce332aa5&fccid=bc51f56762438d6f&vjs=3
408,https://www.indeed.com/rc/clk?jk=b0134dae207861a7&fccid=1d4cc1571c8009cc&vjs=3
409,https://www.indeed.com/rc/clk?jk=7da48c775d05c091&fccid=593b582378894c9a&vjs=3
410,https://www.indeed.com/rc/clk?jk=7da48c775d05c091&fccid=593b582378894c9a&vjs=3
411,https://www.indeed.com/rc/clk?jk=3a116cbae2ac0209&fccid=4c88e923a9ad871b&vjs=3
412,https://www.indeed.com/rc/clk?jk=0cf2026f52be6bc9&fccid=a392f52610ce94f5&vjs=3
413,https://www.indeed.com/rc/clk?jk=3d5111277e20a1dc&fccid=6ea67f85b28fc3ff&vjs=3
414,https://www.indeed.com/rc/clk?jk=6c67c181aa6172de&fccid=0c494f315003dfb8&vjs=3
415,https://www.indeed.com/rc/clk?jk=6e91b286de5f6987&fccid=2e04c38f36a915ef&vjs=3
416,https://www.indeed.com/rc/clk?jk=5dbe63e0706f4a09&fccid=dd9c347a6aacdf07&vjs=3
417,https://www.indeed.com/rc/clk?jk=f726e709cc2676ac&fccid=53242361973750f7&vjs=3
418,https://www.indeed.com/rc/clk?jk=6e595f1b5f2a0fe4&fccid=fb681c41dfacefb5&vjs=3
419,https://www.indeed.com/rc/clk?jk=7bd6ef7e1709460a&fccid=113517153f849886&vjs=3
420,https://www.indeed.com/rc/clk?jk=fac8287087cf2a42&fccid=204aafbc9b36f228&vjs=3
421,https://www.indeed.com/rc/clk?jk=74d207866db14094&fccid=b2ec853ddaa29238&vjs=3
422,https://www.indeed.com/rc/clk?jk=4ade2912b8a5477b&fccid=3ed0572c448b2368&vjs=3
423,https://www.indeed.com/rc/clk?jk=e73026fad9d7e5a8&fccid=061d9997e008383f&vjs=3
424,https://www.indeed.com/rc/clk?jk=1c1b0662850fa54e&fccid=cb8544215a3d2a20&vjs=3
425,https://www.indeed.com/rc/clk?jk=9fcdc293cba7ac09&fccid=9ace5aa4e4fa6ce2&vjs=3
426,https://www.indeed.com/rc/clk?jk=01e0e49e743b041d&fccid=23adf2879e1a1bf2&vjs=3
427,https://www.indeed.com/rc/clk?jk=1d3f79c71bd5f9df&fccid=6c6be4ac01722b08&vjs=3
428,https://www.indeed.com/rc/clk?jk=20bd8c91a532709c&fccid=e7db6a993425d722&vjs=3
429,https://www.indeed.com/rc/clk?jk=f455c1358e7a7f9c&fccid=2fdfd060fabdfb04&vjs=3
430,https://www.indeed.com/rc/clk?jk=75d7565f41080335&fccid=67bcf1f7c58f3c90&vjs=3
431,https://www.indeed.com/rc/clk?jk=ba532fe860813614&fccid=b3bfcb92b29308cc&vjs=3
432,https://www.indeed.com/rc/clk?jk=40f7dbf61de8a7c0&fccid=ac567bf1a98ca260&vjs=3
433,https://www.indeed.com/rc/clk?jk=bd9587edfb275064&fccid=ae3ba26fed950f3e&vjs=3
434,https://www.indeed.com/rc/clk?jk=43ad4193a1fc3b36&fccid=5e93bbb0f296b0b5&vjs=3
435,https://www.indeed.com/rc/clk?jk=539c244edb6f5c4c&fccid=12c62c60266d3356&vjs=3
436,https://www.indeed.com/rc/clk?jk=962fdd3ea52962cd&fccid=c1ce52757815e988&vjs=3
437,https://www.indeed.com/rc/clk?jk=bbae0cb967f9b353&fccid=8bae32f6c05ba571&vjs=3
438,https://www.indeed.com/rc/clk?jk=0254e50c280e727f&fccid=1639254ea84748b5&vjs=3
439,https://www.indeed.com/rc/clk?jk=12ce71da435bee3f&fccid=ae5e1126346d034a&vjs=3
440,https://www.indeed.com/rc/clk?jk=65e65512fd9cb338&fccid=6ee5d9497b00b890&vjs=3
441,https://www.indeed.com/rc/clk?jk=c0083c4805f8bd34&fccid=005cb7e862008be9&vjs=3
442,https://www.indeed.com/rc/clk?jk=de12df98ba0121b6&fccid=0241e332e767da32&vjs=3
443,https://www.indeed.com/rc/clk?jk=b97580479f52a95e&fccid=d7169bb9e022da26&vjs=3
444,https://www.indeed.com/rc/clk?jk=a8d604aad2f7f5fc&fccid=1ea0475711674f3b&vjs=3
445,https://www.indeed.com/rc/clk?jk=412da87f74c6c2a0&fccid=8839d87d37026c87&vjs=3
446,https://www.indeed.com/rc/clk?jk=ba62fb1179f16710&fccid=13af619e5ec70e7c&vjs=3
447,https://www.indeed.com/rc/clk?jk=f8b156e14fa3263a&fccid=1d300841a95e6260&vjs=3
448,https://www.indeed.com/rc/clk?jk=a85e06dde3441d1a&fccid=807d0ef1987af26b&vjs=3
449,https://www.indeed.com/rc/clk?jk=8e632afffd814972&fccid=2d2f939379fc9a8e&vjs=3
450,https://www.indeed.com/rc/clk?jk=e2af378cdd0b597e&fccid=c0d7ede21095f25a&vjs=3
451,https://www.indeed.com/rc/clk?jk=56a5f9cec2f045bf&fccid=e0f28e31dfa07fd6&vjs=3
452,https://www.indeed.com/rc/clk?jk=801ca303ffd2f5ea&fccid=7a3824693ee1074b&vjs=3
453,https://www.indeed.com/rc/clk?jk=68beb8e6ee1c3d2b&fccid=d46851719bfc7612&vjs=3
454,https://www.indeed.com/rc/clk?jk=a038ca914bfce5eb&fccid=26877094797beef3&vjs=3
455,https://www.indeed.com/rc/clk?jk=10c3defaec3f4473&fccid=6a86d52c475d21f6&vjs=3
456,https://www.indeed.com/rc/clk?jk=615915c2fc8cbac1&fccid=6b45d2e4bb9cfae9&vjs=3
457,https://www.indeed.com/rc/clk?jk=d4879667a478e765&fccid=442bbab6426502de&vjs=3
458,https://www.indeed.com/rc/clk?jk=80c43620b114c300&fccid=d7bd51c63266d60a&vjs=3
459,https://www.indeed.com/rc/clk?jk=851c2e6fe58d4d1e&fccid=ff49adb9811f4546&vjs=3
460,https://www.indeed.com/rc/clk?jk=2046678f88ba20c7&fccid=e0f35a124e6f113c&vjs=3
461,https://www.indeed.com/rc/clk?jk=e8333c49ead6db00&fccid=1f253f9238a67842&vjs=3
462,https://www.indeed.com/rc/clk?jk=f455c1358e7a7f9c&fccid=2fdfd060fabdfb04&vjs=3
463,https://www.indeed.com/rc/clk?jk=11b9f94fcb3fef30&fccid=47ec83adbf663383&vjs=3
464,https://www.indeed.com/rc/clk?jk=cf139c8d577e73c2&fccid=68be4a238ce15e7a&vjs=3
465,https://www.indeed.com/rc/clk?jk=dc047d997412893d&fccid=4f36cf717ed1367b&vjs=3
466,https://www.indeed.com/rc/clk?jk=4f0032a085d188ce&fccid=f264d6e753f3f414&vjs=3
467,https://www.indeed.com/rc/clk?jk=957884b63a930896&fccid=734cb5a01ee60f80&vjs=3
468,https://www.indeed.com/rc/clk?jk=1c3ac08d4d8a8330&fccid=1f253f9238a67842&vjs=3
469,https://www.indeed.com/rc/clk?jk=b5d8f7dfa5f279a9&fccid=cbf0ee427b04da5f&vjs=3
470,https://www.indeed.com/rc/clk?jk=0b92f580353ab5dc&fccid=001a7832ee81176b&vjs=3
471,https://www.indeed.com/rc/clk?jk=f83f76080b6dce04&fccid=1e1f3ff04fee41c2&vjs=3
472,https://www.indeed.com/rc/clk?jk=ffe25388cea80562&fccid=d26901b7a9b35c6c&vjs=3
473,https://www.indeed.com/rc/clk?jk=eb0eaee474e9575d&fccid=486818e4a4938873&vjs=3
474,https://www.indeed.com/rc/clk?jk=c207f3f975ab1257&fccid=86e169ab46eac403&vjs=3
475,https://www.indeed.com/rc/clk?jk=6cc2d6dc56240d56&fccid=e7bc5e26f65c845a&vjs=3
476,https://www.indeed.com/rc/clk?jk=e01674d33559a721&fccid=978d9fd9799d55a8&vjs=3
477,https://www.indeed.com/rc/clk?jk=f746a3bcea0c02a6&fccid=21bb8874fa25fe20&vjs=3
478,https://www.indeed.com/rc/clk?jk=f4163058b19592c2&fccid=aeb15e43a6800b9d&vjs=3
479,https://www.indeed.com/rc/clk?jk=69b01ad66a09f7b0&fccid=778258601e76a046&vjs=3
480,https://www.indeed.com/rc/clk?jk=fe02d219eeea6fbc&fccid=f8e5eb70437c7c71&vjs=3
481,https://www.indeed.com/rc/clk?jk=6624c7c6a9e1c86c&fccid=83bcb80de6d6f65e&vjs=3
482,https://www.indeed.com/rc/clk?jk=f7614a39aa5beb7c&fccid=2ab3a6c67ca674db&vjs=3
483,https://www.indeed.com/rc/clk?jk=5cec3c9dbe5b8e4e&fccid=7535831fd135f3b5&vjs=3
484,https://www.indeed.com/rc/clk?jk=55600ddb5d06e1a7&fccid=ac38a400acc8fe73&vjs=3
485,https://www.indeed.com/rc/clk?jk=53e3797b2d053ae0&fccid=b51f6c82bd8d4d91&vjs=3
486,https://www.indeed.com/rc/clk?jk=1812c8b16dafa1ac&fccid=73a66bd1ffb12cba&vjs=3
487,https://www.indeed.com/rc/clk?jk=ede079c1ad458631&fccid=92278e592a11e3a5&vjs=3
488,https://www.indeed.com/rc/clk?jk=618ce75128bc26a6&fccid=e3be6e82f35fdb4a&vjs=3
489,https://www.indeed.com/rc/clk?jk=9a13ad646af0eef5&fccid=fe23daa7afb5de21&vjs=3
490,https://www.indeed.com/rc/clk?jk=a1c421dcc29934bd&fccid=43014b1412e0a7b6&vjs=3
491,https://www.indeed.com/rc/clk?jk=b0134dae207861a7&fccid=1d4cc1571c8009cc&vjs=3
492,https://www.indeed.com/rc/clk?jk=0648fdca365c03ab&fccid=dd2b9384ebb77354&vjs=3
493,https://www.indeed.com/rc/clk?jk=7e79ab89301ca658&fccid=96e5096db2fcfa34&vjs=3
494,https://www.indeed.com/rc/clk?jk=a3781afe859d50db&fccid=8a20e0e3ceb4f553&vjs=3
495,https://www.indeed.com/rc/clk?jk=6684b726d01da912&fccid=60c0b6dcba006ccf&vjs=3
496,https://www.indeed.com/rc/clk?jk=2c12602da7b8c96d&fccid=b541ffabed35b3c6&vjs=3
497,https://www.indeed.com/rc/clk?jk=d2118d23d21dcfbf&fccid=472f2400794f66f7&vjs=3
498,https://www.indeed.com/rc/clk?jk=4694dcacd55ecd9d&fccid=614604a6208fa23b&vjs=3
499,https://www.indeed.com/rc/clk?jk=bbcb7213c48f9bfe&fccid=1eaccb082b10a196&vjs=3
500,https://www.indeed.com/rc/clk?jk=4627e02c1f8cfa2a&fccid=54735c6e8f9bb79a&vjs=3
501,https://www.indeed.com/rc/clk?jk=9aa5384cac637b13&fccid=85be009ba3b3a5a6&vjs=3
502,https://www.indeed.com/rc/clk?jk=f5b9b56be8a60466&fccid=83bcb80de6d6f65e&vjs=3
503,https://www.indeed.com/rc/clk?jk=27e01051aef69f04&fccid=761110cb1eadb0d9&vjs=3
504,https://www.indeed.com/rc/clk?jk=121f1fa37c14de5e&fccid=535f108e774016a4&vjs=3
505,https://www.indeed.com/rc/clk?jk=0ec6ae748fa033c2&fccid=15f43d82dc901ff2&vjs=3
506,https://www.indeed.com/rc/clk?jk=2958be67f8b56549&fccid=09b67ea84c9c865d&vjs=3
507,https://www.indeed.com/rc/clk?jk=4c1a23e53274b33d&fccid=d21f3b55b08942f9&vjs=3
508,https://www.indeed.com/rc/clk?jk=2f632baceb1cd4fb&fccid=750bb2e27e97e3c1&vjs=3
509,https://www.indeed.com/rc/clk?jk=d69aedd946e7ff75&fccid=ba0bca2dfe130b96&vjs=3
510,https://www.indeed.com/rc/clk?jk=97df17c501109f05&fccid=3c74eafe288fc8ca&vjs=3
511,https://www.indeed.com/rc/clk?jk=d98f92054bd2bf08&fccid=cd7ab30d2ccfb6c9&vjs=3
512,https://www.indeed.com/rc/clk?jk=caa14b1769b6362f&fccid=660a6df76073ee49&vjs=3
513,https://www.indeed.com/rc/clk?jk=f2f3a89c29a9b0ee&fccid=6d4f607d4211af63&vjs=3
514,https://www.indeed.com/rc/clk?jk=9cceb0170538f654&fccid=d70ed9ee450a8c85&vjs=3
515,https://www.indeed.com/rc/clk?jk=459f06e9d081a5f1&fccid=bbc7ca29b938a6a8&vjs=3
516,https://www.indeed.com/rc/clk?jk=799580397ca78054&fccid=77a32bcb59e7f031&vjs=3
517,https://www.indeed.com/rc/clk?jk=558cac1f9690d88d&fccid=6f995776e115ab84&vjs=3
518,https://www.indeed.com/rc/clk?jk=42497df810dfd350&fccid=d124dbfd3785b597&vjs=3
519,https://www.indeed.com/rc/clk?jk=bd41e65e524db971&fccid=ab57d7ab7d04b100&vjs=3
520,https://www.indeed.com/rc/clk?jk=ec9d7e4f92300b9e&fccid=b5a143d8f466dbab&vjs=3
521,https://www.indeed.com/rc/clk?jk=18232f022db8add5&fccid=8ab49380963852ab&vjs=3
522,https://www.indeed.com/rc/clk?jk=e7f67ea6e59d6399&fccid=ba506dbcf2ffc973&vjs=3
523,https://www.indeed.com/rc/clk?jk=098818752f2a4928&fccid=50b57f0b50731c9a&vjs=3
524,https://www.indeed.com/rc/clk?jk=27e01051aef69f04&fccid=761110cb1eadb0d9&vjs=3
525,https://www.indeed.com/rc/clk?jk=cd8ec99fccc7a021&fccid=e0368d24cb0bc926&vjs=3
526,https://www.indeed.com/rc/clk?jk=a4d918a67872d0ca&fccid=a1c3e177f8d8f133&vjs=3
527,https://www.indeed.com/rc/clk?jk=dbf5e84f0c78c177&fccid=2be2233326c5ba1e&vjs=3
528,https://www.indeed.com/rc/clk?jk=efd3f052d90cbcc1&fccid=1f253f9238a67842&vjs=3
529,https://www.indeed.com/rc/clk?jk=c3c4c1214bbcc969&fccid=3823c288a150d43e&vjs=3
530,https://www.indeed.com/rc/clk?jk=d299bf3d0c58617c&fccid=834170810aee65f7&vjs=3
531,https://www.indeed.com/rc/clk?jk=61fc9908f5132751&fccid=ee5936de44967d7e&vjs=3
532,https://www.indeed.com/rc/clk?jk=14d6be20412b618b&fccid=7fcd9fbbcf4a833f&vjs=3
533,https://www.indeed.com/rc/clk?jk=a5d227ff53ca00b8&fccid=8b1a70617a94b2a8&vjs=3
534,https://www.indeed.com/rc/clk?jk=310597a48b2e163a&fccid=5c5386a36e666078&vjs=3
535,https://www.indeed.com/rc/clk?jk=b5d8f7dfa5f279a9&fccid=cbf0ee427b04da5f&vjs=3
536,https://www.indeed.com/rc/clk?jk=35a90a7905225bc7&fccid=feaabf8e6a699d3c&vjs=3
537,https://www.indeed.com/rc/clk?jk=9abd34618f36f0d6&fccid=fd09b0e0062f9627&vjs=3
538,https://www.indeed.com/rc/clk?jk=d19c36200b4892a4&fccid=d4b8a13831ed4aa6&vjs=3
539,https://www.indeed.com/rc/clk?jk=8f6bc03ce75519e3&fccid=fc5050a2f66dd83b&vjs=3
540,https://www.indeed.com/rc/clk?jk=9e76e485b48fe6d0&fccid=86ac0cdf17b42948&vjs=3
541,https://www.indeed.com/rc/clk?jk=e25c469372aa25ee&fccid=edae4285faf6c2f0&vjs=3
542,https://www.indeed.com/rc/clk?jk=4a2c5586e305f20b&fccid=159a522683f57df7&vjs=3
543,https://www.indeed.com/rc/clk?jk=8cdc2d6f0c052d76&fccid=cf20f52989308221&vjs=3
544,https://www.indeed.com/rc/clk?jk=b213132c6fb4467a&fccid=19fd2454901d9e0e&vjs=3
545,https://www.indeed.com/rc/clk?jk=a3c89825594673f1&fccid=870bcdc8c6d8d100&vjs=3
546,https://www.indeed.com/rc/clk?jk=a0fd37e7656fd255&fccid=fc68da685e8aa986&vjs=3
547,https://www.indeed.com/rc/clk?jk=6f1e7198c65da552&fccid=ab3b40a005cd4092&vjs=3
548,https://www.indeed.com/rc/clk?jk=630b480173a4b61a&fccid=b97e67b57a18a336&vjs=3
549,https://www.indeed.com/rc/clk?jk=d2314317925ffede&fccid=1b866506aec22461&vjs=3
550,https://www.indeed.com/rc/clk?jk=94d161298a8613f9&fccid=2be2233326c5ba1e&vjs=3
551,https://www.indeed.com/rc/clk?jk=5b06806282f2f15f&fccid=95e480d9747da518&vjs=3
552,https://www.indeed.com/rc/clk?jk=c207f3f975ab1257&fccid=86e169ab46eac403&vjs=3
553,https://www.indeed.com/rc/clk?jk=f1eeb3d0bf4d3796&fccid=9a4c268a8cca412a&vjs=3
554,https://www.indeed.com/rc/clk?jk=dc074b5a38557d9a&fccid=c908408e676247d6&vjs=3
555,https://www.indeed.com/rc/clk?jk=409eb816f6f42fff&fccid=cf0b8290d19c6be6&vjs=3
556,https://www.indeed.com/rc/clk?jk=592079a1a1f045eb&fccid=de71a49b535e21cb&vjs=3
557,https://www.indeed.com/rc/clk?jk=a32cee874f48e7f4&fccid=17135a01c9ae7de3&vjs=3
558,https://www.indeed.com/rc/clk?jk=1aca59f3f200c650&fccid=fe236e5aa8ba2463&vjs=3
559,https://www.indeed.com/rc/clk?jk=79e53ee9708738c3&fccid=5b735a37fa93d93f&vjs=3
560,https://www.indeed.com/rc/clk?jk=c7cbcba4f711cc2e&fccid=9bf244cc8c92338e&vjs=3
561,https://www.indeed.com/rc/clk?jk=38d1d3e73e129be5&fccid=cd9b55c1b610a1b1&vjs=3
562,https://www.indeed.com/rc/clk?jk=eabc768421ddf3ea&fccid=386001e8166ec36c&vjs=3
563,https://www.indeed.com/rc/clk?jk=1b1fb798cbffaff4&fccid=ff1a447b3ee2756e&vjs=3
564,https://www.indeed.com/rc/clk?jk=799e63b3cc0dd525&fccid=6b7a1dfe07e7f037&vjs=3
565,https://www.indeed.com/rc/clk?jk=8a647220e4f0d19b&fccid=e520ba4224348a9f&vjs=3
566,https://www.indeed.com/rc/clk?jk=4f8c081375d39949&fccid=f5ffdd5e186914b8&vjs=3
567,https://www.indeed.com/rc/clk?jk=63c0a70a5ff28527&fccid=b50d3a542ffe7a58&vjs=3
568,https://www.indeed.com/rc/clk?jk=3b998507aa2ee30d&fccid=0cd3d40d522fa649&vjs=3
569,https://www.indeed.com/rc/clk?jk=e91a447ce73d7aeb&fccid=6be60da06a5f4180&vjs=3
570,https://www.indeed.com/rc/clk?jk=592079a1a1f045eb&fccid=de71a49b535e21cb&vjs=3
571,https://www.indeed.com/rc/clk?jk=25a6484fcfd6fe56&fccid=aaf3b433897ea465&vjs=3
572,https://www.indeed.com/rc/clk?jk=ae90abcb5b9cae1e&fccid=d9a47905b411e41f&vjs=3
573,https://www.indeed.com/rc/clk?jk=b9525b74184ce614&fccid=cf98149be8263297&vjs=3
574,https://www.indeed.com/rc/clk?jk=26de7b97855b72de&fccid=194eef4c168b8cc5&vjs=3
575,https://www.indeed.com/rc/clk?jk=13ad3422e099a00a&fccid=68ea1ec57c8fcad6&vjs=3
576,https://www.indeed.com/rc/clk?jk=9de573b79829cc03&fccid=a1b175ba784671e6&vjs=3
577,https://www.indeed.com/rc/clk?jk=804147a27f12dc13&fccid=59237124d676ae4d&vjs=3
578,https://www.indeed.com/rc/clk?jk=611c38c8b2ad9c9d&fccid=66c3adc56fef2b7a&vjs=3
579,https://www.indeed.com/rc/clk?jk=f6f41f8ce4311281&fccid=546d1c85b73a70aa&vjs=3
580,https://www.indeed.com/rc/clk?jk=6d5d3ee036e9b3fe&fccid=ac567bf1a98ca260&vjs=3
581,https://www.indeed.com/rc/clk?jk=d6c40ea5a6254207&fccid=809e809afbb8ab67&vjs=3
582,https://www.indeed.com/rc/clk?jk=452308f6b6134918&fccid=0a4ad7ebd9b0c8ee&vjs=3
583,https://www.indeed.com/rc/clk?jk=befa8be68acd230b&fccid=142783ac2edbe56b&vjs=3
584,https://www.indeed.com/rc/clk?jk=e68bbe3193e8ffd7&fccid=5045f1b9afd4c0df&vjs=3
585,https://www.indeed.com/rc/clk?jk=b90cc38023d8ba36&fccid=f4bc60ac6f2448d9&vjs=3
586,https://www.indeed.com/rc/clk?jk=f4163058b19592c2&fccid=aeb15e43a6800b9d&vjs=3
587,https://www.indeed.com/rc/clk?jk=97e5cf323fbc214b&fccid=94e270ac085628e3&vjs=3
588,https://www.indeed.com/rc/clk?jk=d46d03d171099e12&fccid=35685a87fca04108&vjs=3
589,https://www.indeed.com/rc/clk?jk=a8d07b5005a13a77&fccid=462555dec0279094&vjs=3
590,https://www.indeed.com/rc/clk?jk=2fa525bf23f044bb&fccid=4921ac61d6108c0c&vjs=3
591,https://www.indeed.com/rc/clk?jk=007b2d1ce1bb9f08&fccid=8c63b1835f228fd9&vjs=3
592,https://www.indeed.com/rc/clk?jk=3d2986cf1855e024&fccid=defb65139daca2e3&vjs=3
593,https://www.indeed.com/rc/clk?jk=4d117828dbf06acd&fccid=314c3b8d7f6c3a27&vjs=3
594,https://www.indeed.com/rc/clk?jk=3bab8284533bef37&fccid=5d12bee2b4da97d4&vjs=3
595,https://www.indeed.com/rc/clk?jk=1d87497dee504b19&fccid=6b4b2a01b2417a65&vjs=3
596,https://www.indeed.com/rc/clk?jk=dd4c753c912c346c&fccid=b1149eb16a4486d0&vjs=3
597,https://www.indeed.com/rc/clk?jk=de1ae65aec5406fe&fccid=6c8cd7fe12789d44&vjs=3
598,https://www.indeed.com/rc/clk?jk=de1ac5290f262098&fccid=5f94ace5a10fef85&vjs=3
599,https://www.indeed.com/rc/clk?jk=735d086e72a3e8c2&fccid=ab57d7ab7d04b100&vjs=3
600,https://www.indeed.com/rc/clk?jk=f5201df3711fa33e&fccid=474b9602e1305593&vjs=3
601,https://www.indeed.com/rc/clk?jk=d7093c02585cd7c7&fccid=7455773bace145da&vjs=3
602,https://www.indeed.com/rc/clk?jk=bb44650b7370f565&fccid=904d44f2d2f6630a&vjs=3
603,https://www.indeed.com/rc/clk?jk=bf875107d5afacb1&fccid=90786495ceb710dc&vjs=3
604,https://www.indeed.com/rc/clk?jk=4c8d231d5575846e&fccid=c18e18085bc4532f&vjs=3
605,https://www.indeed.com/rc/clk?jk=4d1bbc7e4a69a629&fccid=c938eee164c4c383&vjs=3
606,https://www.indeed.com/rc/clk?jk=b37222cbf99dfa25&fccid=bafa4b35e9cd20ce&vjs=3
607,https://www.indeed.com/rc/clk?jk=fc8a57c2aad9de50&fccid=5ca7ec48e2a2a7f2&vjs=3
608,https://www.indeed.com/rc/clk?jk=988d05e325f57e81&fccid=86e9be6ce380173e&vjs=3
609,https://www.indeed.com/rc/clk?jk=6f59fe6e9de7ed84&fccid=52033d4c9fe6f612&vjs=3
610,https://www.indeed.com/rc/clk?jk=1aecc99c944a5440&fccid=8bee295d20b0b3f1&vjs=3
611,https://www.indeed.com/rc/clk?jk=168a00aa137f6f7f&fccid=6a5673a520e27ea2&vjs=3
612,https://www.indeed.com/rc/clk?jk=887ddb2229eec3ab&fccid=a84e2d6d6acdfd79&vjs=3
613,https://www.indeed.com/rc/clk?jk=4b9cb66a877a14b7&fccid=95d651f15fd85e12&vjs=3
614,https://www.indeed.com/rc/clk?jk=12708fe7d8e51011&fccid=7715f9c696b30475&vjs=3
615,https://www.indeed.com/rc/clk?jk=782f1db12c44ac99&fccid=d8e73bc8caeb8a6c&vjs=3
616,https://www.indeed.com/rc/clk?jk=6746f0e744897544&fccid=86e9be6ce380173e&vjs=3
617,https://www.indeed.com/rc/clk?jk=957536af3b1d9439&fccid=5bcd1ef0a7f4fb99&vjs=3
618,https://www.indeed.com/rc/clk?jk=fdb5c2e47a439bee&fccid=b25fad91a964ef51&vjs=3
619,https://www.indeed.com/rc/clk?jk=7da48c775d05c091&fccid=593b582378894c9a&vjs=3
620,https://www.indeed.com/rc/clk?jk=083526823153b800&fccid=e08122e0e993cc32&vjs=3
621,https://www.indeed.com/rc/clk?jk=99cc6e9b37bdeb35&fccid=55420558a78d6441&vjs=3
622,https://www.indeed.com/rc/clk?jk=0134b6d071421195&fccid=a6f5608b9827cee8&vjs=3
623,https://www.indeed.com/rc/clk?jk=3c4e0adc76dc886a&fccid=eb55fbe84ce79e9b&vjs=3
624,https://www.indeed.com/rc/clk?jk=e3da076c5bc3bea3&fccid=fc68da685e8aa986&vjs=3
625,https://www.indeed.com/rc/clk?jk=73665eb08b24a68b&fccid=ab57d7ab7d04b100&vjs=3
626,https://www.indeed.com/rc/clk?jk=eda5c611040cee09&fccid=1ea0475711674f3b&vjs=3
627,https://www.indeed.com/rc/clk?jk=1c3ac08d4d8a8330&fccid=1f253f9238a67842&vjs=3
628,https://www.indeed.com/rc/clk?jk=634d17063641a861&fccid=6b9a500b6cd81a37&vjs=3
629,https://www.indeed.com/rc/clk?jk=e3fb38dedebc9ef3&fccid=c38b9e037d59cc90&vjs=3
630,https://www.indeed.com/rc/clk?jk=a5d227ff53ca00b8&fccid=8b1a70617a94b2a8&vjs=3
631,https://www.indeed.com/rc/clk?jk=44f6907990ad3b16&fccid=a49928e90d5069a5&vjs=3
632,https://www.indeed.com/rc/clk?jk=5aa031aa54fd9a77&fccid=ebd944f3c244d667&vjs=3
633,https://www.indeed.com/rc/clk?jk=54b29109b8e715c5&fccid=9ace5aa4e4fa6ce2&vjs=3
634,https://www.indeed.com/rc/clk?jk=5a052c369d15e3c6&fccid=ab57d7ab7d04b100&vjs=3
635,https://www.indeed.com/rc/clk?jk=f337c1317d5acee7&fccid=80c13863f6947d10&vjs=3
636,https://www.indeed.com/rc/clk?jk=c9dcba3bad665f1c&fccid=55e246035f02c566&vjs=3
637,https://www.indeed.com/rc/clk?jk=ceaa1b08d56ec63f&fccid=be10d2d158335d21&vjs=3
638,https://www.indeed.com/rc/clk?jk=a23efd86902a0dcb&fccid=5033463af3c58699&vjs=3
639,https://www.indeed.com/rc/clk?jk=995062654d8da325&fccid=9e637207b97ddcf9&vjs=3
640,https://www.indeed.com/rc/clk?jk=b52274a4e149336f&fccid=bfb11e13c321848d&vjs=3
641,https://www.indeed.com/rc/clk?jk=d69aedd946e7ff75&fccid=ba0bca2dfe130b96&vjs=3
642,https://www.indeed.com/rc/clk?jk=a2c436b86b6c3586&fccid=766881da697338d7&vjs=3
643,https://www.indeed.com/rc/clk?jk=9d29331c3dcc178e&fccid=1cd3fff6ba29c8a6&vjs=3
644,https://www.indeed.com/rc/clk?jk=cd8bec60c4bfae2e&fccid=3ed0572c448b2368&vjs=3
645,https://www.indeed.com/rc/clk?jk=01e0e49e743b041d&fccid=23adf2879e1a1bf2&vjs=3
646,https://www.indeed.com/rc/clk?jk=1d3f79c71bd5f9df&fccid=6c6be4ac01722b08&vjs=3
647,https://www.indeed.com/rc/clk?jk=20bd8c91a532709c&fccid=e7db6a993425d722&vjs=3
648,https://www.indeed.com/rc/clk?jk=f455c1358e7a7f9c&fccid=2fdfd060fabdfb04&vjs=3
649,https://www.indeed.com/rc/clk?jk=75d7565f41080335&fccid=67bcf1f7c58f3c90&vjs=3
650,https://www.indeed.com/rc/clk?jk=ba532fe860813614&fccid=b3bfcb92b29308cc&vjs=3
651,https://www.indeed.com/rc/clk?jk=40f7dbf61de8a7c0&fccid=ac567bf1a98ca260&vjs=3
652,https://www.indeed.com/rc/clk?jk=bd9587edfb275064&fccid=ae3ba26fed950f3e&vjs=3
653,https://www.indeed.com/rc/clk?jk=43ad4193a1fc3b36&fccid=5e93bbb0f296b0b5&vjs=3
654,https://www.indeed.com/rc/clk?jk=539c244edb6f5c4c&fccid=12c62c60266d3356&vjs=3
655,https://www.indeed.com/rc/clk?jk=ac1d93bb1f361879&fccid=cba6952e7034dd32&vjs=3
656,https://www.indeed.com/rc/clk?jk=4d6df26740c85882&fccid=f9bad5f930c4c682&vjs=3
657,https://www.indeed.com/rc/clk?jk=891105a996c255c1&fccid=0c995c0ba4822ec1&vjs=3
658,https://www.indeed.com/rc/clk?jk=13847fa46ce1c6e2&fccid=838875e9df57e8c2&vjs=3
659,https://www.indeed.com/rc/clk?jk=fc02ef82b9b5d72d&fccid=c18922502f64b347&vjs=3
660,https://www.indeed.com/rc/clk?jk=12ce71da435bee3f&fccid=ae5e1126346d034a&vjs=3
661,https://www.indeed.com/rc/clk?jk=ac6611e148f74e60&fccid=ca5fc570349e65b4&vjs=3
662,https://www.indeed.com/rc/clk?jk=b5b2f1f921726236&fccid=7bd468879953f7d4&vjs=3
663,https://www.indeed.com/rc/clk?jk=8bbf8005c068a9dd&fccid=9ace5aa4e4fa6ce2&vjs=3
664,https://www.indeed.com/rc/clk?jk=5a47bca279bdb837&fccid=feaabf8e6a699d3c&vjs=3
665,https://www.indeed.com/rc/clk?jk=3a116cbae2ac0209&fccid=4c88e923a9ad871b&vjs=3
666,https://www.indeed.com/rc/clk?jk=4c546d22e5a9d171&fccid=e859e22b7c65b7de&vjs=3
667,https://www.indeed.com/rc/clk?jk=d138a3f42d176326&fccid=af82ae75c415078a&vjs=3
668,https://www.indeed.com/rc/clk?jk=02c3f908eccab816&fccid=194eef4c168b8cc5&vjs=3
669,https://www.indeed.com/rc/clk?jk=6bf85c1036be3048&fccid=69d6caa2348c7395&vjs=3
670,https://www.indeed.com/rc/clk?jk=f8f068da6dd93fa6&fccid=ca7680692810259a&vjs=3
671,https://www.indeed.com/rc/clk?jk=af58a7342032e288&fccid=92278e592a11e3a5&vjs=3
672,https://www.indeed.com/rc/clk?jk=b039cdc1b532e784&fccid=9d1cc19324cf6843&vjs=3
673,https://www.indeed.com/rc/clk?jk=37f3038bd6b9946c&fccid=06206ab329e0eb22&vjs=3
674,https://www.indeed.com/rc/clk?jk=18ceaf57174fc50b&fccid=ab57d7ab7d04b100&vjs=3
675,https://www.indeed.com/rc/clk?jk=91b6237a3639f34b&fccid=b4b2377cb667967e&vjs=3
676,https://www.indeed.com/rc/clk?jk=45ee681d6467fc37&fccid=a944702621570953&vjs=3
677,https://www.indeed.com/rc/clk?jk=3fb21267d0e3cd15&fccid=86e9be6ce380173e&vjs=3
678,https://www.indeed.com/rc/clk?jk=9e76e485b48fe6d0&fccid=86ac0cdf17b42948&vjs=3
679,https://www.indeed.com/rc/clk?jk=205ea281a7e52001&fccid=95c328e000912cbf&vjs=3
680,https://www.indeed.com/rc/clk?jk=3c4e0adc76dc886a&fccid=eb55fbe84ce79e9b&vjs=3
681,https://www.indeed.com/rc/clk?jk=81b43d24c722f1bb&fccid=f334737e3fd6818e&vjs=3
682,https://www.indeed.com/rc/clk?jk=fdf6efeae346e855&fccid=ac567bf1a98ca260&vjs=3
683,https://www.indeed.com/rc/clk?jk=cc0168d6314b6f20&fccid=28f2354e4581f4ec&vjs=3
684,https://www.indeed.com/rc/clk?jk=434358a857577427&fccid=0dad49a179c4411e&vjs=3
685,https://www.indeed.com/rc/clk?jk=434358a857577427&fccid=0dad49a179c4411e&vjs=3
686,https://www.indeed.com/rc/clk?jk=3515d53270ba482a&fccid=cda35744221d7dc7&vjs=3
687,https://www.indeed.com/rc/clk?jk=2a08afea4d6b7c1e&fccid=f770da67b3b51c62&vjs=3
688,https://www.indeed.com/rc/clk?jk=2b3828c3f06ebad6&fccid=5287ad801db7076d&vjs=3
689,https://www.indeed.com/rc/clk?jk=6d03381aaf974424&fccid=2bb5ac407bc9329c&vjs=3
690,https://www.indeed.com/rc/clk?jk=00291439223b4ee9&fccid=db148390eddffb75&vjs=3
691,https://www.indeed.com/rc/clk?jk=350fe519c3d79132&fccid=8e547400d5aa586b&vjs=3
692,https://www.indeed.com/rc/clk?jk=415b136762459bcb&fccid=1b866506aec22461&vjs=3
693,https://www.indeed.com/rc/clk?jk=0053dfb57a6b500e&fccid=194eef4c168b8cc5&vjs=3
694,https://www.indeed.com/rc/clk?jk=d0bfbc13edb18847&fccid=dd616958bd9ddc12&vjs=3
695,https://www.indeed.com/rc/clk?jk=abd740d8e5ec3d77&fccid=b541ffabed35b3c6&vjs=3
696,https://www.indeed.com/rc/clk?jk=b37d58b0927ad1ae&fccid=150e3cde9175cb06&vjs=3
697,https://www.indeed.com/rc/clk?jk=52b7239a3a23ef11&fccid=cad0c703787d24ae&vjs=3
698,https://www.indeed.com/rc/clk?jk=2fa525bf23f044bb&fccid=4921ac61d6108c0c&vjs=3
699,https://www.indeed.com/rc/clk?jk=d75390b2f57cf0a9&fccid=c007936ceb766fe5&vjs=3
700,https://www.indeed.com/rc/clk?jk=d299bf3d0c58617c&fccid=834170810aee65f7&vjs=3
701,https://www.indeed.com/rc/clk?jk=60d2ee6908037f06&fccid=09f2c5e49a0b2b88&vjs=3
702,https://www.indeed.com/rc/clk?jk=8cdc2d6f0c052d76&fccid=cf20f52989308221&vjs=3
703,https://www.indeed.com/rc/clk?jk=97e5cf323fbc214b&fccid=94e270ac085628e3&vjs=3
704,https://www.indeed.com/rc/clk?jk=295f4ff711a4fefc&fccid=c5a31cbaead96550&vjs=3
705,https://www.indeed.com/rc/clk?jk=562f5b8f1f6a250a&fccid=a7927799498189b4&vjs=3
706,https://www.indeed.com/rc/clk?jk=d2314317925ffede&fccid=1b866506aec22461&vjs=3
707,https://www.indeed.com/rc/clk?jk=7817b8fbe03a5472&fccid=5dfcee0edf8cb7ef&vjs=3
708,https://www.indeed.com/rc/clk?jk=aa0fb45fca850cc9&fccid=15c26b2f7c7309c1&vjs=3
709,https://www.indeed.com/rc/clk?jk=16d24c15651ff0f8&fccid=fe5f288b53b71b01&vjs=3
710,https://www.indeed.com/rc/clk?jk=07c9731f018811d8&fccid=eaaa5fe4cefdb672&vjs=3
711,https://www.indeed.com/rc/clk?jk=31879b4ac9730051&fccid=48de301b7ad45d8f&vjs=3
712,https://www.indeed.com/rc/clk?jk=24cc89fae16513f5&fccid=092b81d6a35b298a&vjs=3
713,https://www.indeed.com/rc/clk?jk=665104ad9747e06e&fccid=22423bb77dd8554a&vjs=3
714,https://www.indeed.com/rc/clk?jk=e47b9c8c470bbe55&fccid=8ff10de9076123bd&vjs=3
715,https://www.indeed.com/rc/clk?jk=3b71d11574f3fdc9&fccid=4494b8cfea28ee1e&vjs=3
716,https://www.indeed.com/rc/clk?jk=bff15bee3793aa53&fccid=9736adb9ab8a5417&vjs=3
717,https://www.indeed.com/rc/clk?jk=fc0b43ee55c4be78&fccid=053c0caee91baa24&vjs=3
718,https://www.indeed.com/rc/clk?jk=8fb120716487ac23&fccid=03e4d89312876dda&vjs=3
719,https://www.indeed.com/rc/clk?jk=88affa2cb57f6991&fccid=94ccbd5f43391485&vjs=3
720,https://www.indeed.com/rc/clk?jk=532427c2716faa0a&fccid=fb508558da84f8bd&vjs=3
721,https://www.indeed.com/rc/clk?jk=11535a2fdc007f6f&fccid=f08c179ba5d914cb&vjs=3
722,https://www.indeed.com/rc/clk?jk=c709d87d2af02687&fccid=9ace5aa4e4fa6ce2&vjs=3
723,https://www.indeed.com/rc/clk?jk=d8a5b0d067302ddb&fccid=26877094797beef3&vjs=3
724,https://www.indeed.com/rc/clk?jk=0f450377af4c5f54&fccid=4618726ac71d0aff&vjs=3
725,https://www.indeed.com/rc/clk?jk=f57617d936cbf54e&fccid=eb32d63d83652f51&vjs=3
726,https://www.indeed.com/rc/clk?jk=0dd73193121bc9b7&fccid=c8371da2422d8ec5&vjs=3
727,https://www.indeed.com/rc/clk?jk=a712b65452679637&fccid=904d44f2d2f6630a&vjs=3
728,https://www.indeed.com/rc/clk?jk=4605cd7ca9a95c7c&fccid=993ea9c1ecb159df&vjs=3
729,https://www.indeed.com/rc/clk?jk=e28e48edb4f39fc7&fccid=24b99e697e31d03d&vjs=3
730,https://www.indeed.com/rc/clk?jk=fe02d219eeea6fbc&fccid=f8e5eb70437c7c71&vjs=3
731,https://www.indeed.com/rc/clk?jk=6624c7c6a9e1c86c&fccid=83bcb80de6d6f65e&vjs=3
732,https://www.indeed.com/rc/clk?jk=f7614a39aa5beb7c&fccid=2ab3a6c67ca674db&vjs=3
733,https://www.indeed.com/rc/clk?jk=5cec3c9dbe5b8e4e&fccid=7535831fd135f3b5&vjs=3
734,https://www.indeed.com/rc/clk?jk=55600ddb5d06e1a7&fccid=ac38a400acc8fe73&vjs=3
735,https://www.indeed.com/rc/clk?jk=53e3797b2d053ae0&fccid=b51f6c82bd8d4d91&vjs=3
736,https://www.indeed.com/rc/clk?jk=1812c8b16dafa1ac&fccid=73a66bd1ffb12cba&vjs=3
737,https://www.indeed.com/rc/clk?jk=ede079c1ad458631&fccid=92278e592a11e3a5&vjs=3
738,https://www.indeed.com/rc/clk?jk=618ce75128bc26a6&fccid=e3be6e82f35fdb4a&vjs=3
739,https://www.indeed.com/rc/clk?jk=9a13ad646af0eef5&fccid=fe23daa7afb5de21&vjs=3
740,https://www.indeed.com/rc/clk?jk=21cf819881f89c7e&fccid=d75925a723597ddf&vjs=3
741,https://www.indeed.com/rc/clk?jk=f1fe5ecc1870b43e&fccid=ed739bcb6bd77f17&vjs=3
742,https://www.indeed.com/rc/clk?jk=a8dfe4bc424fdd04&fccid=cdb9e78e0063bd6e&vjs=3
743,https://www.indeed.com/rc/clk?jk=2b3828c3f06ebad6&fccid=5287ad801db7076d&vjs=3
744,https://www.indeed.com/rc/clk?jk=c21646be52348714&fccid=8d36ca95570f044b&vjs=3
745,https://www.indeed.com/rc/clk?jk=b44947e65f6dcfac&fccid=6adbb1eb1fd57647&vjs=3
746,https://www.indeed.com/rc/clk?jk=a3522de99f50f4d5&fccid=0819681eff29680b&vjs=3
747,https://www.indeed.com/rc/clk?jk=57d6561c41f27fe6&fccid=fc5050a2f66dd83b&vjs=3
748,https://www.indeed.com/rc/clk?jk=b704a58946b22db6&fccid=d35ba944fd257e6f&vjs=3
749,https://www.indeed.com/rc/clk?jk=c51dd0193ddba39c&fccid=53aeeb981b8e541f&vjs=3
750,https://www.indeed.com/rc/clk?jk=2bad125a484685a0&fccid=938cf120b728d578&vjs=3
751,https://www.indeed.com/rc/clk?jk=820ac2e5d77aa573&fccid=8957392c3b22cd65&vjs=3
752,https://www.indeed.com/rc/clk?jk=210b2109c3d9863c&fccid=7455773bace145da&vjs=3
753,https://www.indeed.com/rc/clk?jk=25848845b56342a1&fccid=ad922b1634033e44&vjs=3
754,https://www.indeed.com/rc/clk?jk=33228162304915df&fccid=87c41149fba3a995&vjs=3
755,https://www.indeed.com/rc/clk?jk=47070477aef208b0&fccid=dd616958bd9ddc12&vjs=3
756,https://www.indeed.com/rc/clk?jk=5a89a0b87a5201bc&fccid=5bd99dfa21c8a490&vjs=3
757,https://www.indeed.com/rc/clk?jk=a7d760f0fcd23c6b&fccid=75273160eed49268&vjs=3
758,https://www.indeed.com/rc/clk?jk=0809a00b8298cf18&fccid=7c6a7a753350e467&vjs=3
759,https://www.indeed.com/rc/clk?jk=94fb1d79a390c425&fccid=50208b5bf45ee3b8&vjs=3
760,https://www.indeed.com/rc/clk?jk=a16f686f3c367728&fccid=978d9fd9799d55a8&vjs=3
761,https://www.indeed.com/rc/clk?jk=75b35863088d66af&fccid=734cb5a01ee60f80&vjs=3
762,https://www.indeed.com/rc/clk?jk=c709d87d2af02687&fccid=9ace5aa4e4fa6ce2&vjs=3
763,https://www.indeed.com/rc/clk?jk=85f9b83200e7a8e2&fccid=fd414886005e7d56&vjs=3
764,https://www.indeed.com/rc/clk?jk=465dd241779345df&fccid=864a94d9c8d8a945&vjs=3
765,https://www.indeed.com/rc/clk?jk=0700e5d59ad575e9&fccid=6240c667c0daf144&vjs=3
766,https://www.indeed.com/rc/clk?jk=2a2e573b81453f59&fccid=caed318a9335aac0&vjs=3
767,https://www.indeed.com/rc/clk?jk=b453e992a8e0c949&fccid=86e9be6ce380173e&vjs=3
768,https://www.indeed.com/rc/clk?jk=cb56783eef8b3f74&fccid=aaf3b433897ea465&vjs=3
769,https://www.indeed.com/rc/clk?jk=4280e5f1490880b0&fccid=6b35a123516a3b4b&vjs=3
770,https://www.indeed.com/rc/clk?jk=31879b4ac9730051&fccid=48de301b7ad45d8f&vjs=3
771,https://www.indeed.com/rc/clk?jk=42497df810dfd350&fccid=d124dbfd3785b597&vjs=3
772,https://www.indeed.com/rc/clk?jk=86979c3f99797182&fccid=86e9be6ce380173e&vjs=3
773,https://www.indeed.com/rc/clk?jk=8fcca642da9efd81&fccid=3d4bb68f5e841222&vjs=3
774,https://www.indeed.com/rc/clk?jk=89da9079e64ea2ee&fccid=4494b8cfea28ee1e&vjs=3
775,https://www.indeed.com/rc/clk?jk=23af788fcf4365be&fccid=b96943183fcbcbc7&vjs=3
776,https://www.indeed.com/rc/clk?jk=e2af378cdd0b597e&fccid=c0d7ede21095f25a&vjs=3
777,https://www.indeed.com/rc/clk?jk=95501630599c0fa8&fccid=7d3d3eed0dc6d1a9&vjs=3
778,https://www.indeed.com/rc/clk?jk=6d143ec4152dc47f&fccid=69c7d55b78dc7424&vjs=3
779,https://www.indeed.com/rc/clk?jk=cd8ec99fccc7a021&fccid=e0368d24cb0bc926&vjs=3
780,https://www.indeed.com/rc/clk?jk=957884b63a930896&fccid=734cb5a01ee60f80&vjs=3
781,https://www.indeed.com/rc/clk?jk=0a6bd1fb2508054a&fccid=d576b5b1f45626a0&vjs=3
782,https://www.indeed.com/rc/clk?jk=fb646546ae5cb7d3&fccid=d17fce9a105ff17e&vjs=3
783,https://www.indeed.com/rc/clk?jk=c92bf2c93ffffaf6&fccid=0e8f04b45c1591f5&vjs=3
784,https://www.indeed.com/rc/clk?jk=0fc4dae3627e3987&fccid=39d61f3b81f24e00&vjs=3
785,https://www.indeed.com/rc/clk?jk=58c8416f653ac63b&fccid=ee8c182ea041771d&vjs=3
786,https://www.indeed.com/rc/clk?jk=75d7565f41080335&fccid=67bcf1f7c58f3c90&vjs=3
787,https://www.indeed.com/rc/clk?jk=681b6a7123420866&fccid=c7f0f94b79200001&vjs=3
788,https://www.indeed.com/rc/clk?jk=33bf4e149d044722&fccid=82787de1c1053a14&vjs=3
789,https://www.indeed.com/rc/clk?jk=88ebcf9a9eb6beb4&fccid=d226dfd6fbcae3b9&vjs=3
790,https://www.indeed.com/rc/clk?jk=4f92d7b3028bc274&fccid=b839f9af280b111f&vjs=3
791,https://www.indeed.com/rc/clk?jk=b76bdb2e1e4df4c2&fccid=5027dd174539e03c&vjs=3
792,https://www.indeed.com/rc/clk?jk=7a86aa0fa65b5cb9&fccid=fb508558da84f8bd&vjs=3
793,https://www.indeed.com/rc/clk?jk=99e038157026b739&fccid=ed551b8f28ee5fc8&vjs=3
794,https://www.indeed.com/rc/clk?jk=4792ac24c10eb6c6&fccid=afe7376a8bc5cac4&vjs=3
795,https://www.indeed.com/rc/clk?jk=9cceb0170538f654&fccid=d70ed9ee450a8c85&vjs=3
796,https://www.indeed.com/rc/clk?jk=1213068c22fcde2f&fccid=353eb997fc901045&vjs=3
797,https://www.indeed.com/rc/clk?jk=48e6fe91784f4abd&fccid=db4d7600f5e5ba7b&vjs=3
798,https://www.indeed.com/rc/clk?jk=aabffa8c32e8a162&fccid=535f108e774016a4&vjs=3
799,https://www.indeed.com/rc/clk?jk=1e381b7e0ba2b36f&fccid=d862103aceebb01d&vjs=3
800,https://www.indeed.com/rc/clk?jk=9f9403522fe5562f&fccid=2259246cd8a35c6c&vjs=3
801,https://www.indeed.com/rc/clk?jk=21d573850a38893f&fccid=55e246035f02c566&vjs=3
802,https://www.indeed.com/rc/clk?jk=67344e4be5f7c4c6&fccid=e2dc2e2aaa29651b&vjs=3
803,https://www.indeed.com/rc/clk?jk=7e946e8dc5de41ad&fccid=12608869d1a02255&vjs=3
804,https://www.indeed.com/rc/clk?jk=dd44758ec6a0b8a8&fccid=5828bb6fa81db216&vjs=3
805,https://www.indeed.com/rc/clk?jk=45025c038aa6801f&fccid=bdb9037111f752f7&vjs=3
806,https://www.indeed.com/rc/clk?jk=85432b05ddec8635&fccid=01589badf2c3a4f5&vjs=3
807,https://www.indeed.com/rc/clk?jk=ce216e208b4e1415&fccid=6b7a1dfe07e7f037&vjs=3
808,https://www.indeed.com/rc/clk?jk=cd8bec60c4bfae2e&fccid=3ed0572c448b2368&vjs=3
809,https://www.indeed.com/rc/clk?jk=3feaa727c6baf6c2&fccid=86e9be6ce380173e&vjs=3
810,https://www.indeed.com/rc/clk?jk=a13fd6c81e3b2e84&fccid=afe1d9e0556320b8&vjs=3
811,https://www.indeed.com/rc/clk?jk=ddd5fdf9bcfff7a7&fccid=9b4e0bba38b405da&vjs=3
812,https://www.indeed.com/rc/clk?jk=ce5337fac72d4a06&fccid=7a0a1870bbdb1069&vjs=3
813,https://www.indeed.com/rc/clk?jk=d01413cca9e12469&fccid=83cbd453678ade10&vjs=3
814,https://www.indeed.com/rc/clk?jk=f8a0cfa592d940be&fccid=28da867cd53af9db&vjs=3
815,https://www.indeed.com/rc/clk?jk=38d1d3e73e129be5&fccid=cd9b55c1b610a1b1&vjs=3
816,https://www.indeed.com/rc/clk?jk=c43506520773666e&fccid=d81ffc39c84ae85d&vjs=3
817,https://www.indeed.com/rc/clk?jk=789b414b67e260b2&fccid=54c6eb6b01f04617&vjs=3
818,https://www.indeed.com/rc/clk?jk=562f5b8f1f6a250a&fccid=a7927799498189b4&vjs=3
819,https://www.indeed.com/rc/clk?jk=fdb17ebdb27ad674&fccid=8247e458dfe1f46d&vjs=3
820,https://www.indeed.com/rc/clk?jk=e47b9c8c470bbe55&fccid=8ff10de9076123bd&vjs=3
821,https://www.indeed.com/rc/clk?jk=ebd47aa5f6b04ddd&fccid=58246ea27b3f8cc2&vjs=3
822,https://www.indeed.com/rc/clk?jk=9ccb1f3ac0698021&fccid=86e9be6ce380173e&vjs=3
823,https://www.indeed.com/rc/clk?jk=ec29b02608000479&fccid=3f598f8811a4d67c&vjs=3
824,https://www.indeed.com/rc/clk?jk=085a511b377e3ecb&fccid=0a23aabaebf9b9d2&vjs=3
825,https://www.indeed.com/rc/clk?jk=5aa6173b662577d6&fccid=52a8cfc3c3d9fce7&vjs=3
826,https://www.indeed.com/rc/clk?jk=3b1526045b663522&fccid=e0c3de24593e2040&vjs=3
827,https://www.indeed.com/rc/clk?jk=6203af9d6a0ff2b9&fccid=f43b971baa17a770&vjs=3
828,https://www.indeed.com/rc/clk?jk=1b1fb798cbffaff4&fccid=ff1a447b3ee2756e&vjs=3
829,https://www.indeed.com/rc/clk?jk=978392644168850a&fccid=85038b51ea7f89c1&vjs=3
830,https://www.indeed.com/rc/clk?jk=459f06e9d081a5f1&fccid=bbc7ca29b938a6a8&vjs=3
831,https://www.indeed.com/rc/clk?jk=951edd5cccd52f82&fccid=7baf07d9e5841a6c&vjs=3
832,https://www.indeed.com/rc/clk?jk=64e2bdaf074b63bf&fccid=efb03f048ea467d6&vjs=3
833,https://www.indeed.com/rc/clk?jk=136c3f2ba0d9c892&fccid=b80913b42d103477&vjs=3
834,https://www.indeed.com/rc/clk?jk=f97205dfb59b9f40&fccid=21884ce6416dc0fb&vjs=3
835,https://www.indeed.com/rc/clk?jk=60d55ce7ce024c18&fccid=6cbd999ebce9504b&vjs=3
836,https://www.indeed.com/rc/clk?jk=a2a4a223fe5f13af&fccid=7a317e42eb2fcf1a&vjs=3
837,https://www.indeed.com/rc/clk?jk=7920a21510fbaddb&fccid=a35bb312a876e968&vjs=3
838,https://www.indeed.com/rc/clk?jk=ca096240afb67e45&fccid=06a44a2fde8969b7&vjs=3
839,https://www.indeed.com/rc/clk?jk=4148c5169faabb2b&fccid=d584d727f5bcc7ff&vjs=3
840,https://www.indeed.com/rc/clk?jk=b0464bd6c09e1d84&fccid=2e5b91edebf8c5ab&vjs=3
841,https://www.indeed.com/rc/clk?jk=891b395c17c8e790&fccid=07773e36d49a6474&vjs=3
842,https://www.indeed.com/rc/clk?jk=5a37c4c38b93377d&fccid=bd976cc171c690e0&vjs=3
843,https://www.indeed.com/rc/clk?jk=2ccff10f1e835dd7&fccid=43014b1412e0a7b6&vjs=3
844,https://www.indeed.com/rc/clk?jk=2bad125a484685a0&fccid=938cf120b728d578&vjs=3
845,https://www.indeed.com/rc/clk?jk=d182d705d4fb4821&fccid=9a79b8527fbd5a84&vjs=3
846,https://www.indeed.com/rc/clk?jk=5789048669647037&fccid=9ace5aa4e4fa6ce2&vjs=3
847,https://www.indeed.com/rc/clk?jk=4eaca8adabebf181&fccid=0baf107396ece896&vjs=3
848,https://www.indeed.com/rc/clk?jk=cf39ad0d36404f5b&fccid=c78fdfc4443d4537&vjs=3
849,https://www.indeed.com/rc/clk?jk=8798930cb455c3bd&fccid=43014b1412e0a7b6&vjs=3
850,https://www.indeed.com/rc/clk?jk=4462c8d231135028&fccid=486818e4a4938873&vjs=3
851,https://www.indeed.com/rc/clk?jk=d593d91c7e46ff7a&fccid=93543f40f240b38a&vjs=3
852,https://www.indeed.com/rc/clk?jk=e78ef2b9ceecb256&fccid=471a79c8101fc39b&vjs=3
853,https://www.indeed.com/rc/clk?jk=28e18ea1b57ed1d3&fccid=8382b4516b1a3223&vjs=3
854,https://www.indeed.com/rc/clk?jk=a7d760f0fcd23c6b&fccid=75273160eed49268&vjs=3
855,https://www.indeed.com/rc/clk?jk=a7d760f0fcd23c6b&fccid=75273160eed49268&vjs=3
856,https://www.indeed.com/rc/clk?jk=604e77b772e0494c&fccid=cc905e829578539b&vjs=3
857,https://www.indeed.com/rc/clk?jk=33bb34de09a15fb2&fccid=30b7f8acd80965a6&vjs=3
858,https://www.indeed.com/rc/clk?jk=cf8631bd52f3c414&fccid=9ace5aa4e4fa6ce2&vjs=3
859,https://www.indeed.com/rc/clk?jk=ca0717df87599602&fccid=cba6952e7034dd32&vjs=3
860,https://www.indeed.com/rc/clk?jk=de0d0889a4b4e273&fccid=c24b48f7054267a0&vjs=3
861,https://www.indeed.com/rc/clk?jk=fdcde57846cc8833&fccid=54997a8351fdb1e0&vjs=3
862,https://www.indeed.com/rc/clk?jk=5aa6173b662577d6&fccid=52a8cfc3c3d9fce7&vjs=3
863,https://www.indeed.com/rc/clk?jk=498ece909a606fa5&fccid=74fbc768a4e5bece&vjs=3
864,https://www.indeed.com/rc/clk?jk=fe8ed6253673dc1b&fccid=e33cee6bc8e2b34d&vjs=3
865,https://www.indeed.com/rc/clk?jk=87460d0f39eb90bb&fccid=290a4498a64fc044&vjs=3
866,https://www.indeed.com/rc/clk?jk=781f8d3dc1bf7693&fccid=3ed0572c448b2368&vjs=3
867,https://www.indeed.com/rc/clk?jk=3c529d47ad3987e6&fccid=e805c0fbe2b9a03b&vjs=3
868,https://www.indeed.com/rc/clk?jk=2dbafb8a1216265f&fccid=a310e2e5e409d7b5&vjs=3
869,https://www.indeed.com/rc/clk?jk=b9d9ff3352cd0bb3&fccid=55122641a0d56c9a&vjs=3
870,https://www.indeed.com/rc/clk?jk=dfb7a1e0db6f271e&fccid=4c161966631e7010&vjs=3
871,https://www.indeed.com/rc/clk?jk=4d85710d6df9960c&fccid=7f652d41ea187310&vjs=3
872,https://www.indeed.com/rc/clk?jk=310597a48b2e163a&fccid=5c5386a36e666078&vjs=3
873,https://www.indeed.com/rc/clk?jk=0a28ca59dc7be090&fccid=42f1e4ca72488e15&vjs=3
874,https://www.indeed.com/rc/clk?jk=e68bbe3193e8ffd7&fccid=5045f1b9afd4c0df&vjs=3
875,https://www.indeed.com/rc/clk?jk=4b9b80bd97d35417&fccid=f8661b5f8ea065bc&vjs=3
876,https://www.indeed.com/rc/clk?jk=e41952cfd8d545c4&fccid=24aa47c814aee6e7&vjs=3
877,https://www.indeed.com/rc/clk?jk=b7af164acce3996f&fccid=94fea7e99a737d28&vjs=3
878,https://www.indeed.com/rc/clk?jk=9ca6fa7b64015971&fccid=6d47daf428a914c1&vjs=3
879,https://www.indeed.com/rc/clk?jk=13847fa46ce1c6e2&fccid=838875e9df57e8c2&vjs=3
880,https://www.indeed.com/rc/clk?jk=e79721a7a39357c2&fccid=86e9be6ce380173e&vjs=3
881,https://www.indeed.com/rc/clk?jk=a8d07b5005a13a77&fccid=462555dec0279094&vjs=3
882,https://www.indeed.com/rc/clk?jk=119af37450f1f45a&fccid=961c4509ca8291b6&vjs=3
883,https://www.indeed.com/rc/clk?jk=756adb8f8466ae40&fccid=fb7807ebe043558b&vjs=3
884,https://www.indeed.com/rc/clk?jk=880797f8ff123f8c&fccid=d1b1283cb3bfbb7f&vjs=3
885,https://www.indeed.com/rc/clk?jk=b0464bd6c09e1d84&fccid=2e5b91edebf8c5ab&vjs=3
886,https://www.indeed.com/rc/clk?jk=7142de51a33187b3&fccid=f3eeaf66e94388ca&vjs=3
887,https://www.indeed.com/rc/clk?jk=57932d486f3ecfec&fccid=978d9fd9799d55a8&vjs=3
888,https://www.indeed.com/rc/clk?jk=e620eebdf52ca565&fccid=5cf515b6d3e65482&vjs=3
889,https://www.indeed.com/rc/clk?jk=73c4be76be58a3f7&fccid=16a97ed26c75bf2d&vjs=3
890,https://www.indeed.com/rc/clk?jk=3b31dce695b0245c&fccid=04c79dad370e84b6&vjs=3
891,https://www.indeed.com/rc/clk?jk=cc20254d8cb4ad89&fccid=aaf3b433897ea465&vjs=3
892,https://www.indeed.com/rc/clk?jk=7083013f57a6a9a5&fccid=b1528ce40f1c000c&vjs=3
893,https://www.indeed.com/rc/clk?jk=1970a771cb229e2d&fccid=a1aad9c6912b6118&vjs=3
894,https://www.indeed.com/rc/clk?jk=c9dc28f53bc0b7ff&fccid=99d28a4d4fd71568&vjs=3
895,https://www.indeed.com/rc/clk?jk=7b9bec0f0870040e&fccid=f6f1ae4cbb434dfd&vjs=3
896,https://www.indeed.com/rc/clk?jk=3485771430b139b5&fccid=39c42b757c6289c8&vjs=3
897,https://www.indeed.com/rc/clk?jk=e292b407eeb2adbe&fccid=ab57d7ab7d04b100&vjs=3
898,https://www.indeed.com/rc/clk?jk=64fe02b8d8209085&fccid=848e72c84ce4a7a7&vjs=3
899,https://www.indeed.com/rc/clk?jk=c811b2955d359151&fccid=65c8f61a72f816fa&vjs=3
900,https://www.indeed.com/rc/clk?jk=4c14f8581e033325&fccid=0be7c2cff965b891&vjs=3
901,https://www.indeed.com/rc/clk?jk=e3265c46e9ae4030&fccid=7f0a240d0cc8de59&vjs=3
902,https://www.indeed.com/rc/clk?jk=e30d3d948b4d3173&fccid=ed9d2608340207ca&vjs=3
903,https://www.indeed.com/rc/clk?jk=3bab8284533bef37&fccid=5d12bee2b4da97d4&vjs=3
904,https://www.indeed.com/rc/clk?jk=465dd241779345df&fccid=864a94d9c8d8a945&vjs=3
905,https://www.indeed.com/rc/clk?jk=81473a28fb795b1b&fccid=00d44cdc22558f58&vjs=3
906,https://www.indeed.com/rc/clk?jk=caba5d76b6f7e980&fccid=341227f5ef887ab9&vjs=3
907,https://www.indeed.com/rc/clk?jk=42e16d3cde775de6&fccid=3c566800dc2b9808&vjs=3
908,https://www.indeed.com/rc/clk?jk=a0fd37e7656fd255&fccid=fc68da685e8aa986&vjs=3
909,https://www.indeed.com/rc/clk?jk=2a7352bd5b499e85&fccid=3d93143c99ff89a3&vjs=3
910,https://www.indeed.com/rc/clk?jk=fcb1caadc2022d6c&fccid=2af119ffb4a200cb&vjs=3
911,https://www.indeed.com/rc/clk?jk=feb5c399c4dbffa7&fccid=b648d7de0843676f&vjs=3
912,https://www.indeed.com/rc/clk?jk=351b943a5a95e6da&fccid=8f1c5bdc540ff182&vjs=3
913,https://www.indeed.com/rc/clk?jk=de88d0e8774b9eba&fccid=ee32437d8dec00bd&vjs=3
914,https://www.indeed.com/rc/clk?jk=aefe9f07b0c76ec0&fccid=31fc8d22be3719a8&vjs=3
915,https://www.indeed.com/rc/clk?jk=8e4969b9c991b235&fccid=202d610b755be62c&vjs=3
916,https://www.indeed.com/rc/clk?jk=7b4e3546e2ca8bbf&fccid=42aeab48f84778d6&vjs=3
917,https://www.indeed.com/rc/clk?jk=46973ec3280999c2&fccid=3eebf6d261857407&vjs=3
918,https://www.indeed.com/rc/clk?jk=12cab72a4171c111&fccid=fdecc94562ee0d71&vjs=3
919,https://www.indeed.com/rc/clk?jk=0134b6d071421195&fccid=a6f5608b9827cee8&vjs=3
920,https://www.indeed.com/rc/clk?jk=8d6207e4458a9281&fccid=8f107d10cfd98752&vjs=3
921,https://www.indeed.com/rc/clk?jk=3a20c8791b3ffd7b&fccid=acfaa464fb995fc7&vjs=3
922,https://www.indeed.com/rc/clk?jk=80d67ebe0479c345&fccid=350c600e5fdf407d&vjs=3
923,https://www.indeed.com/rc/clk?jk=9a13ad646af0eef5&fccid=fe23daa7afb5de21&vjs=3
924,https://www.indeed.com/rc/clk?jk=b260abaa198f4985&fccid=1f253f9238a67842&vjs=3
925,https://www.indeed.com/rc/clk?jk=a2f02ec0820ef443&fccid=ab57d7ab7d04b100&vjs=3
926,https://www.indeed.com/rc/clk?jk=6c835c68b5d9f3a8&fccid=ee32437d8dec00bd&vjs=3
927,https://www.indeed.com/rc/clk?jk=938008c7aeea471f&fccid=cc25b6bf697d0e66&vjs=3
928,https://www.indeed.com/rc/clk?jk=7142de51a33187b3&fccid=f3eeaf66e94388ca&vjs=3
929,https://www.indeed.com/rc/clk?jk=f8a0cfa592d940be&fccid=28da867cd53af9db&vjs=3
930,https://www.indeed.com/rc/clk?jk=b5bce09f90f036a2&fccid=d2ede9da5d35fc78&vjs=3
931,https://www.indeed.com/rc/clk?jk=33228162304915df&fccid=87c41149fba3a995&vjs=3
932,https://www.indeed.com/rc/clk?jk=87e1057cb45b2f32&fccid=335260ae02d1f584&vjs=3
933,https://www.indeed.com/rc/clk?jk=35154832bbb93aa0&fccid=fbee7f9d32c7c078&vjs=3
934,https://www.indeed.com/rc/clk?jk=d781677e8b7b98c2&fccid=49d1e66f8b715867&vjs=3
935,https://www.indeed.com/rc/clk?jk=0648fdca365c03ab&fccid=dd2b9384ebb77354&vjs=3
936,https://www.indeed.com/rc/clk?jk=264eaece14308bf8&fccid=9c6c0fa81112149a&vjs=3
937,https://www.indeed.com/rc/clk?jk=f71aad302b0f1953&fccid=486818e4a4938873&vjs=3
938,https://www.indeed.com/rc/clk?jk=921952b9ea26556a&fccid=990a4bdb21370cac&vjs=3
939,https://www.indeed.com/rc/clk?jk=ddf91ac78ac5474f&fccid=ae596609c237fb74&vjs=3
940,https://www.indeed.com/rc/clk?jk=c811b2955d359151&fccid=65c8f61a72f816fa&vjs=3
941,https://www.indeed.com/rc/clk?jk=86087f7992bbe284&fccid=ab57d7ab7d04b100&vjs=3
942,https://www.indeed.com/rc/clk?jk=17b9030035428863&fccid=78fc32d909bd4f0b&vjs=3
943,https://www.indeed.com/rc/clk?jk=ca1e0642ecdc3664&fccid=fc68da685e8aa986&vjs=3
944,https://www.indeed.com/rc/clk?jk=681b6a7123420866&fccid=c7f0f94b79200001&vjs=3
945,https://www.indeed.com/rc/clk?jk=4cd84853c2c6f43c&fccid=c190f58390a4c9e0&vjs=3
946,https://www.indeed.com/rc/clk?jk=009c925d3160b5c6&fccid=734cb5a01ee60f80&vjs=3
947,https://www.indeed.com/rc/clk?jk=dc92441e78b989b8&fccid=03fcebed915f678c&vjs=3
948,https://www.indeed.com/rc/clk?jk=b90cc38023d8ba36&fccid=f4bc60ac6f2448d9&vjs=3
949,https://www.indeed.com/rc/clk?jk=8bad93a4bb2609da&fccid=f0f42cb8bb53c77f&vjs=3
950,https://www.indeed.com/rc/clk?jk=9a9cb87a90b54d3e&fccid=b68f55e20d0a1c56&vjs=3
951,https://www.indeed.com/rc/clk?jk=b18e9d7418ace060&fccid=455c6dbd00b5d76e&vjs=3
952,https://www.indeed.com/rc/clk?jk=e268492956a71b85&fccid=538ebc0f1212c6ea&vjs=3
953,https://www.indeed.com/rc/clk?jk=978905366cf32298&fccid=5b20266730ba08ae&vjs=3
954,https://www.indeed.com/rc/clk?jk=786d7cc749c1d771&fccid=99895d5321806113&vjs=3
